News,State
 تشييع جثامين أبناء وأحفاد إسماعيل هنية في غزة بعد مقتلهم بغارة إسرائيلية,1
لماذا قتلت إسرائيل أبناء وأحفاد رئيس حركة حماس إسماعيل هنية؟,1
"معايدة الغزيين لبعضهم: ""نحن لسنا بخير"" ",1
هل ينجح فتح معبر بيت حانون وميناء أسدود في تفادي حدوث مجاعة في غزة؟,1
"شركة أبل تتعرض لانتقادات بسبب ""إيموجي"" العلم الفلسطيني",1
"ردّاً على تهديدات إيرانية.. بايدن يقول إنه سيبذل كل ما في وسعه لـ""حماية أمن إسرائيل""",1
 عيد الفطر: كيف يمر على أطفال غزة هذا العام بسبب الحرب؟,1
"مراسلة بي بي سي تعود إلى سوريا: ""هذي بلادٌ لم تعد كبلادي""",1
 شركة يابانية توقف إنتاج الحفاضات للأطفال وتنتجها للكبار.. ما القصة؟,1
كعك ومأكولات فلسطينية تنتشر في القاهرة,1
كيف بدت أجواء اليوم الأول من عيد الفطر في قطاع غزة؟,1
الشيعة والسنة في العراق يتفقون على بداية العيد لأول مرة منذ سنوات,1
 كعك عيد الفطر في مصر هذا العام بنكهة فلسطينية,1
"""ما يقوم به خطأ"".. بايدن ينتقد استراتيجية نتنياهو في غزة",1
"""هل يمكن اتهام حلفاء إسرائيل بارتكاب جرائم حرب""؟ - مجلة التايم الأمريكية",1
رونالدو يثير الجدل مجدداً في السعودية بعد ضربه البليهي,1
عيد الفطر: عيد مثقل بالآلام لأيتام غزة ,1
هل ينجح الضغط الأمريكي في تحقيق هدنة بين إسرائيل وحماس في غزة؟,1
 عيد الفطر: أطفال أيتام في قطاع غزة يستعدون للاحتفال بالعيد رغم حرب غزة,1
"ألمانيا أمام محكمة العدل الدولية: ""التاريخ"" هو الدافع وراء مساعدة إسرائيل ",1
"مظاهرات الأردن: ما كواليسها؟ وهل تسعى ""أطراف خارجية"" خلفها؟",1
إلى ماذا يشير الانسحاب الإسرائيلي من غزة؟,1
" بعد جدل ""زوجة واحدة لا تكفي"".. الكويت توقف عرض مسرحية ""زين الزمان""  في العيد",1
 محفوظ ولد مأمون.. غضب في موريتانيا بعد جريمة اغتصاب وقتل طفل من ذوي الاحتياجات الخاصة,1
الجوع يدفع سكان دارفور في السودان إلى أكل الجراد,1
 نشطاء يهود ومسيحيون يوزعون الحلوى والتمور على مصلين مسلمين في القدس,1
"""إسرائيل ترتكب نفس الخطأ الذي ارتكبته الولايات المتحدة في العراق"" - نيويورك تايمز",1
 كسوف الشمس الكلي يغرق أجزاء من أمريكا الشمالية في الظلام,1
بالصور: ظلام مهيب مع الكسوف الكلي للشمس لعام 2024,1
"ميانمار: بعد مذابح وجرائم ""تطهير عرقي"" الجيش يجنّد مسلمي الروهينجا قسرا في معاركه",1
"مناشدات دولية لإسرائيل بعدم تنفيذ عملية عسكرية تستهدف رفح جنوبي قطاع غزة ونتنياهو يقول ""الموعد حدد""",1
لماذا تصر روسيا على اتهام أوكرانيا بالهجوم على قاعة الحفلات الموسيقية؟,1
"""أي عيد هذا؟""، مسلمو القدس يتضامنون مع سكان غزة",1
لماذا عادت الانتقادات المتبادلة بين الهند وباكستان بشأن عمليات القتل؟,1
"مرور ثلاثين عاماً على ""أكبر إبادة في التاريخ""، فماذا نعرف عنها؟",1
القمر يغطي الشمس بشكل كامل في سواحل مكسيكو ,1
شهود من خان يونس يروون لبي بي سي حجم الدمار في المنطقة بعد انسحاب القوات الإسرائيلية,1
" محمد السادس.. خطأ في كتابة ""أمير المؤمنين"" تثير غضبا بالمغرب",1
 كسوف كلي للشمس يمنع رؤية هلال شوال,1
" داليا نعيم.. غموض يحيط بحادثة ""اختطاف"" المؤثرة المعروفة بلقب ""باربي العراق""",1
نيكاراغوا تتهم ألمانيا بزيادة الدعم العسكري لإسرائيل، وبريطانيا تقول إن ذلك ما زال قانونياً,1
 بي بي سي تزور كيبوتس نير عوز في إسرائيل، التي لم يمسها أحد منذ هجوم حماس,1
 كيف بدت خان يونس بعد انسحاب الجيش الإسرائيلي منها؟,1
الجيش الإسرائيلي يترك خان يونس وصور الأقمار الصناعية تكشف زيادة الدمار فيها خلال شهر مارس,1
أنباء متناقضة بشأن نتائج جولة مفاوضات القاهرة بين إسرائيل وحماس,1
من هو وليد دقة الذي أُعلن عن وفاته في السجون الإسرائيلية؟,1
حرب غزة: بعد ستة أشهر .. العقبات أمام السلام تبدو أكبر من أي وقت مضى,1
 كيف يستقبل الغزيون عيد الفطر؟,1
"كعكة الطبقات الماليزية التي تفوز بلقب ""أجمل كعكة"" لعيد الفطر",1
لماذا تهيج بعض الحيوانات أثناء كسوف الشمس؟,1
قصة امرأة أفريقية أصبحت خبيرة في تحليل صور الأقمار الاصطناعية,1
"إسرائيل تسحب كامل قواتها من جنوبي غزة، وتستكمل ""مرحلة أخرى"" استعداداً ""للحرب"" على حدود لبنان",1
يجب على قطر أن تستخدم كل مواردها لمعاقبة حماس ونزع سلاحها – مقال في جيروزالم بوست,1
حرب غزة بالأرقام بعد ستة أشهر من اندلاعها ,1
هل تستطيع ماكدونالدز إنهاء جدل المقاطعة، بعد استعادة فروعها في إسرائيل؟,1
ماذا نعرف عن الفلسطيني الذي قُتل ضمن فريق المطبخ المركزي العالمي في غزة؟,1
"""عندما تنتهي الحرب في غزة سأعيش في خيمة بجوار منزلي المُهدم""",1
بعد ستة أشهر من الحرب، هل اقتربت إسرائيل من القضاء على حماس؟,1
من هو أحمد فتحي سرور الذي شيّعت جنازته في مصر؟,1
البنكرياس الصناعي: تكنولوجيا جديدة لمساعدة مرضى داء السكري,1
مطالبات لإسرائيل بالنشر الكامل لتقرير حادثة مقتل عُمال المطبخ المركزي العالمي  ,1
كيف ينبغي لإيران أن ترد على هجوم إسرائيل في دمشق - مقال في طهران تايمز,1
بي بي سي تكشف أخطاء جسيمة ارتكبها الجيش الإسرائيلي في تحذيرات إخلاء الغزيين,1
كيف يمكن مشاهدة الكسوف الكلي للشمس بأمان؟,1
الحرب في غزة: من الحاكم المستقبلي للقطاع؟,1
من أين تحصل إسرائيل على أسلحتها في حربها بغزة؟,1
إيناكي ونيكو ويليامز: شقيقان، فريق واحد وانتظار لمدة 40 عامًا,1
 المسجد النبوي.. جدل بسبب دعاء على المظاهرات والثورات,1
" مصر للطيران تبيع 12 طائرة ""لعدم ملاءمتها لأجواء مصر  المناخية""",1
 بوتسوانا تهدد بإرسال 20 ألف فيل هدية لألمانيا!,1
إسرائيل تُعلن السماح بإدخال المساعدات الإنسانية إلى شمال قطاع غزة مؤقتاً ,1
 سرقة 30 مليون دولار نقدا من منشأة لتخزين الأموال في الولايات المتحدة,1
 سرقة 30 مليون دولار نقدا من منشأة لتخزين الأموال في الولايات المتحدة,1
 ما هو يوم القدس الذي تحييه دول عربية وإسلامية في رمضان كل عام؟,1
حاصباني في بلا قيود : حزب الله يعمل كقاعدة  عسكرية تأتمر بإيران,1
" كيف أصبحت ""الخرطوم الصغيرة"" في السعودية؟",1
"""قد تمر بهياكل عظمية"" .. معبر الموت في جنوب أفريقيا",1
بي بي سي توثق تفاصيل قصف قافلة المطبخ المركزي العالمي في غزة,1
من هو رون آراد ولماذا تخشى عائلات المحتجزين الإسرائيليين تكرار مصيره؟,1
ماكدونالدز تسترد ملكية فروع مطاعمها في إسرائيل,1
"إسرائيل تتخذ ""إجراءات دفاعية"" تحسباً لهجوم انتقامي لمقتل زاهدي، فما هي خيارات الرد الإيراني؟",1
بعد الموافقة على إرسال دعم لإسرائيل في نفس يوم مقتل عمال الإغاثة، بايدن يلوح بإمكانية تعليق المساعدات العسكرية,1
"مؤسس المطبخ المركزي العالمي: ""إسرائيل استهدفت موظفي المنظمة في غزة بشكل ممنهج""",1
 أم تتهجم على معلمة بمدرسة تثير غضبا واسعا في تونس ,1
 باسم يوسف يتحدث عن الكوميديا ووسائل التواصل الاجتماعي وعدم الأمان,1
 تحذيرات الجيش الإسرائيلي لسكان غزة للإخلاء تحتوي على العديد من الأخطاء بحسب تحقيق لبي بي سي,1
" بعد ""القبلة القسرية""، قضية فساد تربط رئيس اتحاد كرة القدم الإسباني السابق والسعودية",1
 الهجوم على القنصلية الإيرانية في دمشق.. إيران تهدد إسرائيل برد قاس وإسرائيل تضع جيشها في حالة استنفار,1
 تندر المصريين على شعار ‘’النسر المصري’’ في مبنى البرلمان الجديد بالعاصمة الإدارية,1
الناتو في عيد ميلاده الـ 75: مشروع لدعم الإمبريالية أم لإبعاد النفوذ الروسي عن أوروبا؟,1
قضاة بارزون يحثون بريطانيا على وقف مبيعات الأسلحة لإسرائيل,1
"""ليتني أجوع معهم"" كيف تابع أب فلسطيني وضع طفليه في مستشفى الشفاء؟",1
هل وصلت حرب إسرائيل في غزة إلى مفترق طرق؟,1
"كيف أثر مقتل موظفي ""المطبخ المركزي العالمي"" على تقديم المساعدات في قطاع غزة؟",1
لماذا خفضت أوكرانيا سن التعبئة العسكرية؟,1
غياب المعاش التقاعدي وغلاء دور الرعاية يُقلق المسنين في الصين ,1
"هل تنقذ ""منصة ترامب"" المرشح الرئاسي من متاعبه المالية؟",1
"في قديم الزمان كان أباطرة اليابان في ""مصاف الآلهة""، وها هم ينضمّون إلى إنستغرام",1
"جثامين موظفي مؤسسة ""المطبخ المركزي العالمي"" في طريقها إلى القاهرة، وسط استمرار التنديد الدولي الواسع",1
  تشبه قصة الطفل المغربي ريان.. تضامن مع شاب مصري سقط في بئر عميقة,1
 محمد الويشي.. صانع محتوى ليبي يثير غضبا في السعودية بعد تقييمه أكلات أحد المطاعم الكبيرة,1
إسرائيل ستمنع بث قناة الجزيرة.. وعدد الصحفيين القتلى قد يتجاوز المئة,1
 لماذا انسحب طبيب فلسطيني أمريكي من اجتماع مع الرئيس الأمريكي جو بايدن في البيت الأبيض؟,1
 خمسة أسباب لانخراط إيران في صراعات عالمية,1
 مشاهد للحظة زلزال بقوة 7.4 درجة ضرب تايوان,1
بوتسوانا تهدد بإرسال 20 ألف فيل إلى ألمانيا,1
إدارة بايدن مستمرة في تقديم المساعدات العسكرية لإسرائيل رغم معارضتها للهجوم على رفح – واشنطن بوست,1
كيف تفوقت الصين على الولايات المتحدة دبلوماسيا؟,1
الذخائر غير المنفجرة، قنابل موقوتة بعد الحرب في غزة,1
هل يمكن أن يحصل الفلسطينيون على العضوية الكاملة في الأمم المتحدة؟,1
هل سترد إيران على إسرائيل بعد مقتل القيادي محمد رضا زاهدي؟,1
تقنيات التزييف العميق باتت تشكل ضررا لآلاف النساء ,1
بعد أدائه اليمين الدستورية في العاصمة الجديدة، من أين سيحكم السيسي مصر؟,1
ثلاثة أسباب وراء كون بوتين أقوى من أي وقت مضى,1
"ماذا نعرف عن موظفي ""المطبخ العالمي"" الذين قتلوا في غزة؟",1
 للصبر حدود.. الرئيس الجزائري يحذر دولة شقيقة,1
 مصاحف مذهبة ومزخرفة نادرة في الرياض,1
 ماذا نعرف عن مقتل فريق منظمة المطبخ المركزي العالمي بغارة إسرائيلية في غزة؟,1
 تنديد واسع بعد مقتل 7 عمال إغاثة في غارة إسرائيلية في غزة,1
 مصر.. السيسي يؤدي اليمين الدستورية لولاية ثالثة في العاصمة الإدارية الجديدة,1
 ما هو الهجوم الجوي الذي تعتبره إسرائيل خطيراً جداً في إيلات؟,1
باسيرو ديوماي فاي.. من السجن إلى رئاسة السنغال,1
"""حرب غزة"" نقطة تحوّل تضع الاتفاقيات الأردنية الإسرائيلية في دائرة المراجعة",1
لماذا خسر حزب أردوغان الانتخابات المحلية؟ - في الغارديان,1
"نادي الهلال السوداني يواصل اللعب ""لإلهاء الناس عن الحرب""",1
"كيف يستخدم المحتالون ""فيسبوك ماركت"" للنصب على ضحاياهم؟",1
"كتائب حزب الله العراقية تتعهد بتسليح ""المقاومة في الأردن"" ومباحثات دولية وإقليمية حول تطورات الهدنة بين إسرائيل وحماس ",1
مقتل رضا زاهدي القيادي في الحرس الثوري الإيراني خلال هجوم على مبنى القنصلية الإيرانية في دمشق,1
"المسيحيون الإيرانيون يحتفلون بعيد الفصح ""سراً""",1
ماذا نعرف عن محمد رضا زاهدي القيادي الإيراني الذي قتل في الهجوم الجوي على دمشق؟,1
 كيف بدت معالم مجمع الشفاء الطبي بعد انسحاب الجيش الإسرائيلي منه؟,1
 أطباق ومفروشات مفقودة.. سرقة مقتنيات من قسم الصحفيين بطائرة الرئاسة الأمريكية,1
 رأس خنزير بباب مسجد في فرنسا، فكيف ردت الداخلية الفرنسية؟,1
من هو محمد مصطفى الذي تسلم مهامه رسمياً كرئيس وزراء فلسطيني جديد خلفاً لإشتية؟,1
 ماذا نعرف عن رئيس الوزراء الفلسطيني الجديد محمد مصطفى؟,1
"اعتقال شقيقة إسماعيل هنية بتهمة التحريض على ""أعمال إرهابية"" ",1
الاحتجاجات ضد نتنياهو تعيد الانقسامات السياسية في إسرائيل إلى الواجهة,1
"""الدول العربية لن ترسل قوة عسكرية إلى غزة دون مفاوضات لإنهاء الصراع"" - تايمز أوف إسرائيل ",1
خمسة أسئلة حول ما يحدث للاقتصاد الصيني,1
"الانتخابات المحلية التركية: المعارضة توجه ""ضربة موجعة"" لأردوغان بفوزها التاريخي بإسطنبول وأنقرة",1
إصابة صحفيين في قصف جوي إسرائيلي استهدف ساحة مستشفى شهداء الأقصى في قطاع غزة,1
انتهاء عملية التصويت في الانتخابات المحلية في تركيا,1
تقرير عن نيّة حماس عدم حضور محادثات القاهرة إن لم يُعرض مقترح جديد، والجيش الإسرائيلي يعلن قتل قيادي بارز من الجهاد الإسلامي ,1
"تقارير عن مقتل وإصابة العشرات في ولاية الجزيرة جنوبي الخرطوم، وبريطانيا تحذر من ""تطهير عرقي"" ضد الأفارقة السودانيين",1
انفجار بسيارة مفخخة يستهدف سوقا شعبيا في حلب,1
"حجم المعاناة في غزة يجعل من الصعب نفي الاتهامات بارتكاب ""جرائم حرب"" - الغارديان",1
بالصور: مسيرات في مدن حول العالم لإحياء يوم الأرض الفلسطيني مع استمرار الحرب في غزة,1
كيف سخر دونالد ترامب من جو بايدن في مقطع فيديو؟,1
"وزارة الصحة في غزة تعلن ارتفاع عدد القتلى إلى أكثر من 32,700",1
بي بي سي ترافق طائرة أمريكية خلال عملية إنزال جوي على غزة,1
العلاج بتعديل الجينات أمر بعيد المنال لمعظم الأشخاص المصابين بمرض فقر الدم المنجلي,1
لماذا يعد فوز حزب العدالة والتنمية في إسطنبول اختباراً حاسماً لأردوغان؟,1
هل يمكن أن يساعد الذكاء الاصطناعي في تعزيز الديمقراطية؟,1
إسرائيل تعلن مقتل قائد عسكري في حزب الله خلال غارة جنوبي لبنان ,1
لماذا يُشكِّل إعفاء الحريديم من الخدمة العسكرية جدلاً في إسرائيل؟,1
" ""الأمن المجتمعي ونسيج المجتمع الإسرائيلي قد انهار""",1
"""محاربو التيراكوتا"" يكشفون أسرارا مذهلة عن الحياة في الصين قبل 2,200 عام",1
 بسبب شارة التوحيد .. نجم ريال مدريد المسلم روديغر يقاضي صحفيا ألمانيا,1
 القنابل غير المنفجرة تهدد حياة الفلسطينيين في قطاع غزة,1
 قُبل وعناق ماكرون ودا سيلفا في البرازيل تجذب الانتباه,1
 تكريم الملياردير المصري محمد منصور بوسام الفروسية يثير انتقادات لحزب المحافظين البريطاني,1
مخاوف من تقسيم السودان بعد تشكيل الدعم السريع إدارة مدنية في ولاية الجزيرة,1
في حرب غزة .. كلا الطرفين خاسر - التايمز,1
محكمة العدل الدولية تأمر إسرائيل بسماح دخول المساعدات الغذائية والطبية إلى غزة,1
 احتجاجات يومية دون توقف في الأردن منذ بدء الحرب في غزة,1
"رحلة ""ملك العملات المشفرة""، من ""الملياردير الأسطورة"" إلى مئة عام في السجن",1
ماذا نعرف عن المشتبه بهم في هجوم موسكو؟,1
ماذا نعرف عن المشتبه بهم في هجوم موسكو؟,1
محكمة العدل الدولية تطالب إسرائيل بضمان وصول الإمدادات الغذائية إلى سكان غزة دون تأخير,1
نساء عربيات دوّت أصواتهن سعياً لتحرير بلادهن,1
"مسؤول أممي لبي بي سي: ""المجاعة في غزة قد ترقى إلى جريمة حرب""",1
 بعد خلاف حول الحجاب .. فرنسا تقاضي تلميذة اتهمت مدير مدرستها بضربها,1
 سلسلة حرائق متتالية في مصر تثير غضب وتحليلات المواطنين,1
 وزيرة الاتصالات العراقية تدعو إلى حجب المواقع الإباحية وإحدى منصات التواصل الاجتماعي,1
من شولا كوهين إلى إم كامل، كيف تجمع إسرائيل معلوماتها من لبنان؟,1
حرب غزة: هل تعبأ إسرائيل بالقانون الدولي وتقارير الأمم المتحدة؟,1
 حزب الله وإسرائيل: ماذا نعرف عن قوات الفجر الإسلامية في لبنان؟,1
الحكومة الفرنسية تقاضي تلميذة بسبب الحجاب,1
"إسرائيل ""تتخذ خطوات فعلية"" لشن عملية عسكرية برية في رفح رغم التحذيرات الدولية",1
"""على إسرائيل أن تنصاع لأمريكا.. الآن"" - صحيفة هآرتس",1
نتنياهو يبلغ واشنطن رغبته تحديد موعد جديد لإرسال وفد لمناقشة العملية العسكرية في رفح,1
"ملك بريطانيا يغيب عن قداس خميس العهد، ويدعو لمد ""يد الصداقة"" في رسالة مسجلة",1
"""كائناتٌ مسكينة"": فيلم نسوي أم عمل خاضع لـ""النظرة الذكورية""؟",1
تزايد العنف ضد العمال من آسيا الوسطى بعد هجوم موسكو,1
هل يساعد الذكاء الاصطناعي في وضع حد لأزمة الغذاء التي تواجه العالم اليوم؟,1
 غرق 12 فلسطينياً أثناء محاولتهم الوصول للمساعدات قبالة شاطئ غزة,1
 رئيس السنغال باسيرو ديوماي فاي يدخل القصر بزوجتين,1
" هدف الجزائري بنزية ""العالمي"" في مرمى جنوب أفريقيا",1
 لماذا أخفى تلفزيون كوريا الشمالية صورة الجينز الذي يرتديه مقدم برنامج بريطاني للبستنة؟,1
" شون كومز.. مغني الراب الأمريكي الشهير واتهامات ""الاغتصاب والاتجار بالجنس""",1
"إسرائيل ترفض اتهامها بارتكاب ""إبادة جماعية"" في غزة، وحماس تدعو لـ ""حماية الإنسانية""",1
" جنوب لبنان: مشروع ""خطوة"" لدعم النازحين اللبنانيين نفسياً من أضرار الحرب",1
لماذا يحقق الاتحاد الأوروبي مجدداً مع أبل وميتا وغوغل؟,1
شركة يابانية توقف إنتاج حفاضات الأطفال لتوفيرها للبالغين  ,1
 كيف انهار جسر بالتيمور بعد أن اصطدمت به سفينة؟,1
"حزب الله يقصف إسرائيل بـ ""عشرات الصواريخ"" ردا على غارة جوية إسرائيلية",1
"بايدن ""كبش فداء"" لسياسة نتنياهو – في الغارديان",1
قرار مجلس الأمن الدولي رقم 2728 بشأن غزة: ما الفرق الذي يحدثه؟,1
مروان عيسى: إسرائيل تعلن مقتل نائب القائد العام لكتائب القسام,1
حماس تؤكد تمسكها بوقف إطلاق النار وتبادل الأسرى وهنية في إيران لبحث التطورات,1
" شركات يابانية تسحب منتجاتها بعد مقتل مستهلك و مرض العشرات بسبب تناول ""بيني كوجي""",1
" فينيسيوس باكيا: ""الإساءات العنصرية في إسبانيا أفقدتني متعة اللعب""",1
" مومو.. إحالة المذيع المغربي إلى النيابة العامة بسبب ""سرقة مزعومة لزيادة مشاهدات برنامجه""",1
 وسيم جزار: وفاة اللاعب الجزائري بعد إصابة مروعة ونقله من الملعب بدون سيارة إسعاف,1
 انهيار جسر في نهر إثر اصطدام سفينة شحن به في مدينة بالتيمور الأمريكية,1
 تظاهرات بالآلاف في الأردن واعتقالات لناشطين,1
 كيف عاش أحد الناجيين أحداث هجوم موسكو؟,1
 ما الذي نعرفه عن حادث انهيار جسر بالتيمور في ولاية ماريلاند الأمريكية؟,1
 عاملات المنازل في عُمان: تحقيق لبي بي سي في قضية اتجار بعاملات منازل وسوء المعاملة,1
بايدن قرر مواجهة نتنياهو بما هو أقوى من الكلمات,1
 شاهد لحظة انهيار جسر بالتيمور في ولاية ميريلاند الأمريكية بعد اصطدامه بسفينة,1
إسرائيل تلغي اجتماعا في واشنطن بعد تبني مجلس الأمن قرار وقف إطلاق النار في غزة,1
"""كيف فاجأت الولايات المتحدة إسرائيل على حين غرة؟""- صحيفة إسرائيل هيوم",1
هل حان وقت انسحاب القوات الأمريكية من سوريا؟,1
كيف تؤثر حرب غزة على انتخابات تركيا المقبلة؟,1
كيف تؤثر حرب غزة على انتخابات تركيا المقبلة؟,1
ترحيب دولي بتبني مجلس الأمن مشروع قرار يدعو لوقف إطلاق النار في غزة، وإسرائيل تنتقد امتناع واشنطن عن التصويت,1
"البوابة 96 معبر جديد يجلب ""الحياة والموت"" إلى غزة",1
"أول عداءة تحقق فوزاً تاريخياً في ""أصعب سباق"" لإلهام نساء العالم",1
ألف ليلة وليلة: الجذور التاريخية للكتاب الأكثر سحرا في الشرق والغرب,1
 ماذا نعرف عن هجوم موسكو حتى الآن؟,1
" يسرا محنوش.. الفنانة التونسية تعتذر عن أغنية أدتها بسبب انتقادات يمنيين حول""الكلمات""",1
 اللاعب الفرنسي محمدو دياوارا يستبعد من قائمة المنتخب بسبب الصوم,1
 أحد الشعانين: كيف استقبله المسيحيون في القدس وغزة؟,1
"الأزمة الطبية في مستشفيات قطاع غزة وصلت لمستوى ""لا يمكن تصوره""",1
من هم المستوطنون اليهود الذين يريدون بناء منازل في غزة؟,1
"محكمة روسية تتهم أربعة أشخاص بـ""القيام بعمل إرهابي""",1
 الحرب في السودان: الاغتصاب سلاح للانتقام,1
هل إقناع نتنياهو والسنوار بالموافقة على صفقة أمر بعيد المنال؟- ذا ناشيونال,1
إسرائيل تبدي انفتاحاً إزاء عودة النازحين من جنوب قطاع غزة، وتمنع إدخال قوافل الأونروا إلى شماله,1
هل فقد القصر الملكي السيطرة على الخطاب الإعلامي بعد إصابة الأميرة كيت بالسرطان؟,1
"مقترح أمريكي ""لتقريب وجهات النظر"" في المفاوضات بين حماس وإسرائيل",1
هل فقدت إيران السيطرة على الجماعات الموالية لها في الشرق الأوسط؟,1
هجمات الناتو التي بدأت عصرا جديدا من الحروب,1
"""بينما تقاتل على جبهتين، قد تكون إسرائيل نائمة أمام خطر إيران""- صحيفة إسرائيل هيوم",1
ما هي الخطة الأمريكية حول غزة بعد الحرب والتي حملها بلينكن في جولته الأخيرة؟,1
"أمل جديد لـ""حبيسات الجسد"" قد يساعد في علاج مرضهن",1
بوتين يعلن اعتقال أربعة مسلحين يشتبه في تنفيذهم الهجوم على قاعة الحفلات في موسكو,1
"بايدن بوجهين وحمل خدعة العرب لإسرائيل من قبل! وهجوم ""تنظيم الدولة"" ليس غريبا على موسكو -جولة الصحافة",1
كنديان يحصلان على اعتذار رسمي بعد سبعين عاماً على تبديلهما عن طريق الخطأ عند الولادة,1
ما حقيقة صور الأسرى في مجمع الشفاء وتفجير مبنى الجراحات؟,1
بعد تبنيه هجوم موسكو، هل يعود تنظيم الدولة الإسلامية للواجهة من جديد؟  ,1
لماذا تتورط إيران في الكثير من الصراعات؟,1
كيت ميدلتون أميرة ويلز تعلن خضوعها للعلاج من السرطان,1
"مجلس الأمن يصوت على مشروع قرار جديد لـ""وقف فوري لإطلاق النار"" في غزة بعد ""فيتو"" صيني روسي ضد القرار الأمريكي",1
 جنوب لبنان: أين الجيش اللبناني من الحرب الدائرة بين إسرائيل وحزب الله؟,1
" فلسطيني يعدم شقيقه ""الجاسوس"" في مخيم جنين",1
 أسعار الوقود في مصر.. الحكومة ترفعها والمصريون يتساءلون لماذا الآن؟,1
 ماكرون يظهر بصور ملاكم بعضلات منتفخة ويثير جدلا بين الفرنسيين,1
بريطانيا تشهد أكبر ارتفاع في معدل الفقر المدقع منذ 30 عاما,1
قصة فتاة من غزة تتوسل لإنقاذ شقيقها أولاً بعد مقتل عائلتها بأكملها,1
ما طبيعة تفاعل بعض العواصم العربية مع الدور الأمريكي في حرب غزة؟,1
 لحظة إنقاذ عشرات المهاجرين الروهينجا من غرق قارب صدئ,1
"إسرائيل ""مهددة"" بخسارة استراتيجية في غزة، ونتنياهو يواجه ""مأزقاً لا فكاك منه"" – صحف",1
 حرب غزة: الطفلة ألمى تتحدث عن فقدان أفراد عائلتها كاملة في قصف إسرائيلي,1
لماذا تحوّل ماكرون من معسكر الحمائم إلى معكسر الصقور في ملف أوكرانيا؟,1
كندا بعد تصويت برلمانها لصالح حل الدولتين تحظر بيع الأسلحة لإسرائيل ,1
ما هي أبرز الأحداث التي أدت للتوتر في باحات المسجد الأقصى؟,1
ما هو تعريف المجاعة ؟ متى يتم إعلانها ولماذا غزة والسودان في خطر ؟,1
وزارة العدل الأمريكية تقاضي آبل بتهمة احتكار سوق الهواتف الذكية,1
الهند تتسابق تحت سطح البحر لاستخراج معادن البطاريات ,1
بلينكن يبحث مع الرئيس المصري جهود التهدئة في قطاع غزة وسط حراك دبلوماسي مكثف بالمنطقة,1
"الشباب ""أقل سعادة"" من آبائهم بحسب التقرير العالمي للسعادة 2024",1
 جورجيا ميلوني تطلب تعويضا بسبب مقاطع إباحية مزيفة لها,1
إسرائيل تحاصر مجمع الشفاء - شهادات حصرية لبي بي سي وسط تدهور الأوضاع الإنسانية في غزة,1
ما أهم بنود مشروع القرار الأمريكي الجديد لوقف إطلاق النار في غزة؟,1
 عيد الأم في غزة: كيف تتأقلم دارين مع الحياة الجديدة بعد فقدان والديها في الحرب؟,1
 مذكرات زمن الحرب: الإسرائيليون على خط المواجهة اللبناني,1
الجيش الإسرائيلي يستعد لمعركة قانونية بعد انتهاء الحرب في غزة - يديعوت أحرنوت,1
"ما هي خطة ""اليوم التالي"" الإسرائيلية للتعامل مع غزة بعد الحرب؟",1
الكرامة: حكاية آخر معركة اتحد فيها المقاتلون الفلسطينيون والجيش الأردني ضد إسرائيل,1
"بلينكن يبحث مع بن سلمان حماية المدنيين في غزة قبل ""عملية رفح""",1
نوروز: هل هو عيد قومي أم ديني لدى الأكراد؟,1
رئيسة وزراء إيطاليا تسعى للحصول على تعويض بسبب تزييف مقاطع إباحية لها,1
 تفجير رداع.. قتلى في تفجير الحوثيين منزلا في حي سكني بمحافظة البيضاء,1
 حرب غزة: والدة رهينة إسرائيلي تتحدث حول ضرورة وقف الحرب لعودة ابنها,1
مم يتكون الجيش الإسرائيلي وما هي الأقليات التي تخدم فيه؟,1
 الحرب في السودان: الحياة على خط المواجهة في الحرب الأهلية,1
" حرب غزة: ماذا نعرف عن ""الجزر الإنسانية"" وما رأي النازحين؟",1
شبح المجاعة يخيم على السودان وشهادات حصرية لبي بي سي عن اغتصاب وإعدامات في شوارع العاصمة,1
نتنياهو عازم على تنفيذ هجوم برّي على رفح بدون الضوء الأخضر الأمريكي,1
في غزة.. نريد النفوذ الإماراتي أولاً، والسعودي لاحقاً - في يديعوت أحرنوت,1
"كيف انتشرت نظرية المؤامرة حول ""شبيهة كيت ميدلتون"" على وسائل التواصل الاجتماعي؟",1
هل يشكل تيك توك خطرا حقيقيا على الغرب؟,1
غياب ميسي عن مباراة هونغ كونغ يثير غضباً محلياً ويتسبب في خسارة الشركة المنظمة ملايين الدولارات,1
" مسلسل ""لانش بوكس"".. غضب من استخدام حوار بشأن طفل مفقود في غزة في مشهد ""غير لائق""",1
 مستشفى الشفاء: نازحون من غزة يصفون الهجوم على المجمع الطبي,1
"مسلسل ""صاحبة المعالي"".. تساؤلات حول أسباب وقف عرض الجزء الثالث منه",1
 من مصر إلى غزة... الحرب تحرم عائلات من الإفطار معا في رمضان,1
 كيت ميدلتون.. فيديو لأول ظهور لأميرة ويلز منذ انتشار شائعات حول غيابها,1
غزة على شفا المجاعة: كيف توصلت الأمم المتحدة إلى هذا الاستنتاج؟,1
"بلينكن يقول إن 100 بالمئة من سكان غزة ""يعانون من انعدام الأمن الغذائي""",1
مجموعة على تطبيق واتساب تنقذ ضحايا الإتجار بالبشر في سلطنة عمان,1
 من لاعب كرة قدم إلى شخص من ذوي الإعاقة، وحتى موسوعة غينيس,1
هل يتمكن ترامب من دفع كفالة بقيمة 464 مليون دولار في قضية احتيال؟,1
عودة الجيش الإسرائيلي إلى مجمع الشفاء تعني تراجع سيطرته على مناطق شمال غزة -مقال في الغارديان,1
عهد جديد للعلاقات بين مصر وأوروبا.. كيف ينعكس على حقوق الإنسان؟,1
"خلل ""كارثي"" في بنك تجاري سمح للعملاء بسحب ملايين الدولارات عن طريق الخطأ",1
بوتين يفوز بولاية خامسة كما كان متوقعاً، لكن ماذا بعد؟ ,1
شهادات فلسطينيين بعد اقتحام الجيش الإسرائيلي لمجمع الشفاء,1
المغرب يصادر ممتلكات جزائرية والجزائر تندد,1
عراك واشتباكات بملعب في الدوري التركي بين اللاعبين والجمهور,1
"""لحظة توقيعها تاريخية"".. ما تفاصيل اتفاقية ترفيع العلاقات بين مصر والاتحاد الأوروبي؟",1
 المرأة المغربية في الخارج تحصل على حق استخراج جواز سفر لأبنائها دون موافقة الأب,1
 أطفال يموتون بسبب سوء التغذية في مستشفى شمال غزة,1
 ماذا نعرف عن مداهمة الجيش الإسرائيلي لمجمع الشفاء الطبي؟,1
 ما هي قصة صور جنازة الجندي الإسرائيلي المسلم التي أثارت الجدل؟,1
"الجيش الإسرائيلي يدهم مجمع الشفاء ويعتقل 80 شخصا من بينهم ""نشطاء"" ",1
إسرائيل لا تملك ترف التريث في قبول صفقة الرهائن - صحيفة هآرتس,1
حرب غزة: فلسطيني في مصر يجمع شتات أسرته بالقطاع على مائدة رمضان عبر الهاتف,1
كيف نحمي أنفسنا من الإصابة بتبلّد الإحساس بسبب متابعة الأخبار المروّعة؟,1
ما حقيقة اتهام موسكو لأوكرانيا بتعطيل الانتخابات الروسية؟,1
قصة أم من غزة تكافح من أجل إطعام رضيعها الذي ولد يوم السابع من أكتوبر,1
معاناة الأميرة ديانا من الصحافة كانت أشد من معاناة الأميرة كيت,1
استهداف مروان عيسى يشير لحصول إسرائيل على معلومات من مصدر رفيع داخل حماس - مقال في الغارديان,1
هل اقترب نشوب صراع شامل بين إسرائيل وحزب الله؟,1
دونالد ترامب: نظرة على أحدث تطورات الملاحقات القضائية الكبرى التي يواجهها,1
لماذا لا تزال الانتخابات مهمة في روسيا، ولماذا يتكبد الكرملين عناء تنظيمها؟,1
"فتح تتهم حماس بالتسبب بإعادة احتلال غزة وبمفاوضة إسرائيل على ""الأمن الشخصي لقيادات الحركة""",1
رمضان في غزة: جوع وحرمان من العبادة,1
المساعدات تصل إلى شاطئ غزة عبر أولى سفن الممر البحري ,1
الأمم المتحدة: خمسة ملايين سوداني يواجهون شبح الجوع خلال الأشهر المقبلة,1
تعرف على رحلة الجنيه المصري من الذهب إلى التعويم,1
"""الجوع قتل ابني حبيبي""",1
هل يُباع تيك توك بموجب قانون أمريكي قريباً؟ صحف,1
"قصة أغنية ""سأحبك دائماً"" من دوللي بارتون إلى ويتني وإلفيس",1
ما هي المساعدات التي تصل إلى غزة وهل يستفيد منها الغزيون في رمضان؟,1
 ماكرون يحذر من القضاء على أمن أوروبا في حال انتصار بوتين بأوكرانيا,1
 اليوتيوبر الجزائري أنس تينا ينافس الأعمال التلفزيونية الرمضانية، فما السر؟,1
 لص يشرح سرقة السيارات في مقابلة على يوتيوب، فكيف يمكن أن تحمي سيارتك من السرقة؟,1
آية ناكامورا تتعرض لحملة عنصرية في فرنسا,1
 الحوثيون يتوعدون باستهداف السفن المرتبطة بإسرائيل في طريق رأس الرجاء الصالح,1
باسم يوسف في هارد توك: لا أريد أن أكون ناشطا سياسيا,1
"هل تحمي ""الجزر الإنسانية"" الفلسطينيين من اقتحام الجيش الإسرائيلي لرفح؟",1
معركة بين مزارعين في الضفة الغربية تضع إسرائيل في مواجهة الولايات المتحدة,1
معركة بين مزارعين في الضفة الغربية تضع إسرائيل في مواجهة الولايات المتحدة,1
من السويداء إلى إدلب.. شابات سوريات يواصلن الاحتجاج بعد 13 عاما,1
 ما هي أبرز الأحداث التي أشعلت التوتر في القدس وباحات المسجد الأقصى على مدار السنين الماضية؟,1
"""لماذا يفوز بوتين دائماً؟"" - واشنطن بوست",1
لماذا يُعد الشخير خطرا على الحياة والعلاقات، وليس مضحكا؟ ,1
المشتبه به في مقتل 3 رهبان مسيحيين بجنوب أفريقيا مصري ينتمي للكنيسة القبطية,1
 الشيخ علي جمعة: غير المسلمين في الجنة أيضا وعلاقات الحب مباحة,1
وفاة الرجل ذي الرئة الحديدية بعدما قضى 7 عقود داخل هيكل معدني,1
تصريحات الملكة رانيا عن السابع من أكتوبر تُغضب بن غفير,1
عن الخوف وأزيز الرصاص في مستشفى ناصر قبل اقتحام الجيش الإسرائيلي له,1
بسبب حرب غزة.. تعريف جديد للتطرف في بريطانيا,1
"""لماذا لم تشن إسرائيل حرباً شاملة حتى الآن على حزب الله؟"" - جيروزاليم بوست",1
 ما هي تفاصيل الخطة الأمريكية لبناء الرصيف العائم في قطاع غزة؟,1
خطة إسرائيلية لنقل النازحين من رفح والأمم المتحدة تعلن عن طريق جديد للمساعدات شمال غزة,1
إسرائيل تقتل قيادات من حماس في رفح ولبنان,1
 حرب غزة: بي بي سي عربي ترافق طائرات الإنزال الجوي من الأردن إلى غزة,1
ما هي تفاصيل الخطة الأمريكية لإيصال المساعدات إلى غزة عبر البحر؟,1
 حرب غزة: رهينة إسرائيلي أطلق سراحه يتهم العالم بنسيان المحتجزين لدى حماس,1
أقدم أحمر شفاه في العالم يعود لـ 5 آلاف عام,1
من هو رفعت الأسد الذي ستحاكمه سويسرا بتهمة ارتكاب جرائم حرب؟,1
الجيش السوداني يقول إنّه سيلاحق قوات الدعم السريع في أيّ مكان ,1
"أطفال غزة ""روح الروح"" وهند ويوسف في إعلان ""زين"" لرمضان 2024",1
 حرب غزة: كيف دمّرت إسرائيل الجامعات في قطاع غزة؟,1
مرضى السرطان ممنوعون من مغادرة غزة لتلقي العلاج,1
" أطفال غزة ""روح الروح"" وهند ويوسف في إعلان ""زين"" لرمضان 2024",1
من هم المستوطنون الذين قد يُمنعون من دخول بريطانيا وعدد من الدول الأوروبية؟,1
كيف يعمل تيك توك وهل تمنعه الولايات المتحدة؟,1
قراءة الفنجان: كيف انتقل حلم معرفة المستقبل من تركيا إلى العالم؟,1
طاقم مجمع ناصر الطبي يروي لبي بي سي تعرضه للإذلال من قبل القوات الإسرائيلية,1
"""آلهة هذا العصر"": كيف تتنبّأ الخوارزميات بسلوكنا؟",1
العثور على جثة موظف سابق بشركة بوينغ للطائرات كان يبلغ عن مخالفات في معايير الإنتاج,1
 بحضور تيم حسن وبسام كوسا.. ممثلون سوريون في ضيافة بشار الأسد وجدل حول اللقاء,1
صحيفة ليبراسيون الفرنسية تنشر كاريكاتيرا عن غزة وتثير الجدل,1
انقذوا فادي الزنط: طفل فلسطيني يصارع الجوع والمرض ودعوات لعلاجه بالخارج,1
 حرب غزة: ماذا نعرف عن سفينة المساعدات الغذائية المتجهة من قبرص إلى غزة؟,1
"ما هو ""محور المقاومة"" وما علاقته بالنفوذ الإيراني في الشرق الأوسط؟",1
 شهر رمضان: كيف تغير عمل المسحراتي بسبب الحرب في غزة؟,1
قطر: لم نقترب من وقف إطلاق النار في غزة ,1
 حرب غزة: نازحون في رفح يعدون وجبات طعام محدود في شهر رمضان,1
من يتصدر المنافسة... الكتاب الرقمي أم الورقي؟,1
رؤية أميرة ويلز بعد أن قالت إنها عدلت صورة عيد الأم,1
 حرب غزة: كيف استقبل سكان غزة شهر رمضان؟,1
رمضان في غزة دون احتفالات ويضع إسرائيل في حالة من التوتر – تايمز أوف إسرائيل ,1
صورة معدلة لأميرة ويلز كيت ميدلتون تثير الجدل,1
محمد صلاح خارج قائمة المنتخب المصري الجديدة، ما السبب؟,1
أوبنهايمر: قصة لم تفز بالأوسكار,1
من هو خالد باطرفي، زعيم القاعدة في اليمن الذي أعلن التنظيم وفاته؟,1
حرب غزة: المساعدات الموعودة مع دخول شهر رمضان لم تغادر بعد مرافئ قبرص,1
 شهر رمضان: كيف تؤثر هجمات الحوثيين على أسعار التمر أفريقيا؟,1
 لماذا أثار مسجد الجزائر الأعظم جدلا محليا؟,1
 كيف يبدو المشهد في غزة مع بداية شهر رمضان؟,1
هل قدمت أوروبا الدعم الكافي لأوكرانيا في حربها ضد روسيا؟,1
"""نتنياهو لا يزال في مأمن، لكن مشاكله تتراكم""",1
"""مقطع صوتي مسرب يُظهر إحباط جو بايدن المتزايد تجاه بنيامين نتنياهو"" – الغارديان",1
الأونروا: إسرائيل أجبرت موظفين في الوكالة على الاعتراف كذبا بصلتها بحماس,1
بالصور والفيديوهات: بي بي سي توثق دمار معظم جامعات غزة,1
"الولايات المتحدة ترسل أول سفينة مساعدات إلى غزة تحمل معدات لإنشاء ""ميناء مؤقت""",1
عادات المصريين ومظاهر احتفالهم بشهر رمضان في كتابات الرحّالة والمستشرقين,1
حرب غزة تثير المخاوف بشأن القدس في شهر رمضان,1
"""مشروع التمور"" في بريطانيا، مبادرة رمضانية لدعم غزة واليمن وسوريا",1
كيف تحدّت أختان أفغانيّتان حكم طالبان بالغناء من تحت النقاب؟,1
"""هل خطة جو بايدن الجديدة ستجلب الراحة لغزة؟"" - الإيكونوميست",1
"الفريق جابر في بلا قيود: سنحقق نصراً قريبا في الحرب العبثية التي شنها ""المتمردون""",1
سفينة مساعدات إنسانية تستعد للإبحار من قبرص إلى غزة,1
اكتشاف بقايا أحفورية لأقدم غابة في العالم تعود لنحو 400 مليون سنة ,1
"الضفة الغربية: ""رغم محاولتي حماية طفلي إلا أنه قُتِل""!",1
مبادرة إنسانية لغزة من أول بلد أوروبي يعترف بالدولة الفلسطينية,1
 مياه إسرائيلية للأردن ولكن بشروط... فما هي؟,1
ما الذي نعرفه عن الممر البحري الذي يشرف الجيش الأمريكي على إنشائه قبالة غزة؟,1
"""العالم العربي يوجه غضبه إلى الولايات المتحدة والغرب بسبب تدمير غزة"" - فاينانشال تايمز ",1
 حرب غزة: ماذا نعرف عن الممر البحري الأمريكي لإيصال المساعدات لغزة؟,1
 تعويم الجنيه والدولار: سخرية المصريين في مواقع التواصل الاجتماعي بين القلق والترقب,1
 يوم المرأة العالمي: منسقات الأغاني الإيرانيات يكسرن المحظورات,1
"""مؤامرة إجرامية"" يكشف عنها الجيش الأمريكي حاكها أحد جنوده مع الصين",1
صور الأقمار الصناعية تظهر اكتمال الطريق الذي أنشأه الجيش الإسرائيلي عبر غزة,1
الولايات المتحدة تعتزم إنشاء ميناء مؤقت في غزة لتقديم المساعدات ووفد حماس يغادر القاهرة بدون اتفاق,1
"إدارة بايدن تفكّر بفرض ""شروط"" على استخدام إسرائيل السلاح الأمريكي – صحيفة",1
لماذا تُمنع النساء من الجري في العراق؟,1
اليوم العالمي للمرأة 2024: نساء تربعن على عرش مصر القديمة,1
طالبة بريطانية تحصل على تعويض مالي بعد اتهامها زوراً بمعاداة السامية,1
إبراهيم رئيسي يلتقي عبد المجيد تبون في أول زيارة رسمية إلى الجزائر منذ 14 عاما,1
الشيخ الأمين.. ما مصير الشيخ السوداني بعد إجلائه من قبل الجيش؟,1
أحضان ودموع مع مغادرة سكان شرق أوكرانيا بيوتهم استباقاً لاحتلال روسيا كامل المنطقة,1
فرنسا أول دولة تقر الإجهاض حقا دستوريا في العالم,1
الخيال العلمي صار واقعاً: الروبوتات تقود سفناً عن بعد,1
 هجمات الحوثي: ما الذي نعرفه عن الهجوم الأخير في البحر الأحمر؟,1
لماذا لا تزال إسرائيل تحتل الضفة الغربية؟,1
 كوثر بن هنية: المخرجة التونسية التي أصبحت أول امرأة عربية ترشح مرتين للأوسكار,1
 أكثر من نصف سكان العالم يذهب إلى صناديق الاقتراع في عام 2024,1
ما هي الأسباب الرئيسية وراء تفاقم العنف في هايتي؟,1
هل يعتبر تعويم الجنيه في مصر حلاً للأزمة المالية أم تمهيداً لقروض جديدة؟,1
اليوم العالمي للمرأة 2024: تاريخ، مسيرات واحتفالات,1
ما مصير الأطفال الجوعى في قطاع غزة؟,1
 بيع حليب الحمير في العراق يثير الجدل والسلطات تتحرك,1
 حاكم المطيري.. الكويت تجرد رئيس حزب الأمة المحظور من جنسيته,1
اليوم العالمي للمرأة 2024: تاريخ، مسيرات واحتفالات,1
ما مصير الأطفال الجوعى في قطاع غزة؟,1
 بيع حليب الحمير في العراق يثير الجدل والسلطات تتحرك,1
 حاكم المطيري.. الكويت تجرد رئيس حزب الأمة المحظور من جنسيته,1
" لماذا افتقد ""الثلاثاء العظيم"" للإثارة هذا العام؟",1
 تعويم الجنيه واتفاق صندوق النقد: كيف تفاعل المصريون؟ وكيف يمكن حماية المدخرات؟,1
ما أبرز مفاجآت الثلاثاء الكبير للانتخابات التمهيدية الأمريكية؟,1
"برنامج الأغذية العالمي: أكبر ""أزمة جوع في العالم"" تهدد السودان بسبب الحرب",1
 طلاب مغاربة يبتكرون عدة لتزويد المناطق المنكوبة بالانترنت,1
" ""من غير الضروري أن تكون الألعاب أفضل فقط لأنها جديدة""",1
نساء إيرانيات يتحدين المجتمع ويملأن الأجواء بالموسيقى,1
لماذا تعرضت أول عملية أمريكية جوية لإسقاط مساعدات إنسانية في غزة لانتقادات؟,1
مريض ألماني تلقى لقاح كورونا 217 مرة,1
كيف تعكس جزر إسطنبول الخالية من السيارات، التاريخ العثماني متعدد الثقافات؟,1
أنصار ترامب يستقطبون الناخبين السود بصور الذكاء الاصطناعي,1
السنوار ونتنياهو يواجهان تحديات كبيرة مع اقتراب شهر رمضان - صحف,1
عصابات هايتي: كيف تصاعدت قوة الجماعات الإجرامية؟,1
 بنكيران يدعو لمسيرة مليونية رفضا لمقترحات تعديل مدونة الأسرة الجديدة,1
 شرطية بريطانية تعتدي على لاجئ سوداني مشرد في مانشستر,1
"""الموت يخطف أطفالا من شمال غزة بعد تضورهم جوعا لآخر رمق""",1
 المعاناة في قطاع غزة عبر أعين ثلاثة من سكانه,1
غرق السفينة البريطانية روبيمار في خليج عدن بعد استهدافها من قبل الحوثيين,1
كيف أثرت حرب غزة على الحياة الثقافية في بريطانيا؟,1
ما الذي يجري في الضفة الغربية؟,1
المحكمة العليا تقضي بعدم جواز قرار منع ترامب من خوض السباق الرئاسي,1
 فرنسا تصبح أول دولة في العالم تدرج حق الإجهاض في دستورها,1
من هي طاووس عمروش التي احتفل غوغل بذكرى ميلادها؟,1
"القصة الحقيقية لـ""بنات ألفة"" اللاتي انضممن إلى تنظيم الدولة الإسلامية",1
" ""اسم صدام"" يحرم جنديا عراقيا من الترقية العسكرية لـ 10 سنوات",1
" ""مين يقولي ماما"" .. مأساة أم فلسطينية قُتل طفلاها جراء ""قصف إسرائيلي"" بعد 10 سنوات من محاولات الإنجاب",1
 بعد استهدافها من الحوثيين، غرق السفينة البريطانية روبيمار في خليج عدن يهدد بكارثة بيئية,1
منظمة الصحة العالمية تزور مستشفيات غزة وتصف أوضاعها بالمروّعة,1
"""الحياة تُستنزف من غزة بسرعة مرعبة"" - الغارديان",1
 تجارب الشباب مع اضطرابات الأكل,1
ما هو الثلاثاء العظيم وما هي الانتخابات التمهيدية للحزب الجمهوري؟,1
 بي بي سي تزور نازحين داخل فندق تحوّل لملجأ لهم في جنوب لبنان,1
 الجزائر: درون لتشجير الغابات والكشف عن الحرائق,1
عدد متزايد من سكان غزة يدفعون آلاف الدولارات مقابل هروب غير مضمون,1
أزمة الدواء في مصر: بين تضاعف الأسعار والاختفاء التام، المصريون يطاردون الدواء وبدائله,1
السيادة السوداني: لا نزال نرصد إمدادات السلاح من الإمارات لقوات حميدتي عبر تشاد وليبيا.,1
علماء يكشفون في المغرب لغز الكثبان الرملية النجمية العملاقة,1
"حلقة ""محظورة"" من مسلسل ""ستار تريك"" تنبأت بتوحيد أيرلندا عام 2024",1
"الحد الفاصل بين ""النقد والتعصب"" يشعل نيران الكراهية بين المسلمين واليهود – الغارديان",1
"عمران خان: ""ملك الفوضى"" الباكستاني الذي يواصل  انتصاراته حتى من وراء القضبان",1
الحوراني في بلا قيود: المطلوب حكومة وفاق وطني لا تشارك فيها  حماس أو فتح,1
أصدقاء الطيار الأمريكي آرون بوشنيل يكافحون لاستيعاب حرقه لنفسه دعماً لغزة,1
ماذا نعرف عن أول سفينة تغرق قبالة الساحل اليمني بعد هجوم الحوثيين عليها؟,1
"ما مستقبل مفاوضات حرب غزة بعد ""مجزرة الطحين"" واستئناف المحادثات في القاهرة؟",1
ماذا تخبرنا جنازة نافالني عن روسيا اليوم؟,1
مفاجأة في مياه المملكة المتحدة إثر اكتشاف مخلوق بحري غامض بالصدفة,1
الولايات المتحدة تنفذ أول عملية إنزال جوي للمساعدات الإغاثية في قطاع غزة، فماذا نعرف عنها؟,1
"""غزة جورج""، كيف أعادت الحرب السياسي غالاوي إلى البرلمان البريطاني؟ - صحف",1
مروان البرغوثي: هل يكون الرئيس المقبل للفلسطينيين؟,1
 أول سيارة صديقة للبيئة في تونس,1
ما الذي نعرفه عن  الخيام التي أقامتها مصر مؤخراً في قطاع غزة؟,1
"كيف تفاعل مستخدمو مواقع التواصل مع ""مجزرة الطحين""؟",1
 الأمم المتحدة: عدد كبير من الإصابات بالرصاص بين المصابين في حادثة الرشيد في مدينة غزة,1
تفاصيل مثيرة حول اعتراف مسؤول سابق بالخارجية الأمريكية بالتجسس لصالح كوبا طوال 40 عاما,1
"عصر ""الإقطاع التكنولوجي"": هل انتهت الرأسمالية حقاً؟",1
طارق حبش لبي بي سي: خابت آمالي في بايدن بسبب حرب غزة,1
"الانتخابات الإيرانية: ""علينا أن نكون حازمين بشأن مستقبل بلادنا""",1
بالخرائط: مواقع فرق الجيش الإسرائيلي المتبقية داخل غزة وأين كانت الكتائب المنسحبة؟ وماذا فعل كل منها؟,1
من هو جورج غالاوي الذي عاد مؤخرا للساحة السياسية بعد حرب غزة؟,1
" طالبة العريش...واقعة جديدة لمصرية تنهي حياتها بسبب ""الابتزاز""",1
 ماذا نعرف عن مشروع  رأس جميلة بمصر؟,1
" ""مجزرة الطحين"" .. ماذا قال ماكرون وبايدن عن حادثة شارع الرشيد؟",1
 أطفال رضع يموتون جوعا في قطاع غزة,1
" ""لقد أخذوا الطحين ممزوجاً بالدم""... ما الذي حدث في شارع الرشيد في غزة؟",1
"""مجزرة الخبز""، هل  تغير مسار حرب غزة؟ – صحف",1
بي بي سي تتحقق من مزاعم إسرائيل بقتل 10 آلاف مقاتل من حماس,1
السنة الكبيسة: الصحيفة الوحيدة في العالم التي تصدر كل أربع سنوات ,1
 أليكسي نافالني: ما المصير الذي يواجهه معارضو الرئيس الروسي فلاديمير بوتين؟,1
 كيف يعيش سكان غزة وسط الفقر والجوع؟,1
"الانتخابات الأمريكية: كيف تحولت الحدود المكسيكية لـ ""حلبة نزال سياسي"" بين بايدن وترامب؟",1
"تحليل: عيون الناس على صحة الأميرة كيت تخلق ""معضلة"" للعائلة الملكية البريطانية ",1
 ماذا سيحصل لو استهدف الحوثيون كابلات الإنترنت البحرية؟,1
هل بات اتفاق وقف إطلاق النار في غزة قريباً؟,1
 المتسبب جرذ.. تعطل رحلات للطيران السريلانكي,1
"""الديمقراطيون أصبحوا أكثر انقساما بشأن الصراع الإسرائيلي الفلسطيني"" – واشنطن بوست",1
 لماذا يرفض اليهود المتشددون الالتحاق بالخدمة العسكرية؟,1
من سيخلف ماكونيل في زعامة الجمهوريين بمجلس الشيوخ؟,1
ماذا تحمل الفصائل الفلسطينية لحوار المصالحة في موسكو؟,1
كوريا الجنوبية أمام خطر انخفاض السكان إلى النصف، ونساؤها لا يرغبن بالإنجاب,1
كيف أثرت القيود المفروضة على العملة الأجنبية سلباً على حياة المصريين؟,1
"كيف يحاول العالم تجنب تكرار ""التمييز العنصري"" في لقاح كوفيد؟",1
لماذا لن يكون حل مشكلة الذكاء الاصطناعي في غوغل الجديد سهلاً؟,1
 رد جزائري على مواقع مغربية تتهم الجيش بمحاكاة حرب ضد المغرب لتأجيل الانتخابات الرئاسية,1
 حرب غزة: مسيرة من غلاف غزة إلى القدس لإطلاق سراح الرهائن الإسرائيليين,1
" ما الذي نعرفه عن حريق الخليل ""الضخم""؟",1
 حرب غزة: صدمة أب من غزة فقد 103 من أقاربه,1
"""من سيناديني بابا؟"" دموع أب من غزة فقد 103 من أقاربه",1
بي بي سي داخل فندق تحوّل لملجأ للنازحين جنوبي لبنان,1
نساء يواصلن تحدي النظام في إيران قبيل الانتخابات,1
أهل غزة يكافحون للبقاء رغم الليالي الباردة وشح الطعام,1
هل ستصبح إندونيسيا من ضمن أقوى خمسة اقتصادات في العالم؟,1
الناتو: ماذا نعرف عن حلف شمال الأطلسي الذي تستعد السويد للانضمام له؟,1
 حرب غزة: ما هي تفاصيل الهدنة المرتقبة بين إسرائيل وحماس؟,1
"""الوضع في غزة قد يصبح أسوأ لكن يمكن لبايدن أن يساعد في منع ذلك"" - واشنطن بوست",1
" حرب غزة: الجيش الأردني ينفذ ""أكبر"" عملية إنزال مساعدات لقطاع غزة",1
 وفاة جندي أمريكي أضرم النار في نفسه احتجاجا على الحرب في غزة,1
 وفاة جندي أمريكي أضرم النار في نفسه احتجاجا على الحرب في غزة,1
 حرب غزة: إنقاذ ناجين من مبنى في رفح بعد غارة جوية إسرائيلية,1
 حرب غزة: ماذا نعرف عن الجلسات الجديدة لمحكمة العدل الدولية؟,1
"""وداعاً جوليا"".. نجاح سوداني يجوب العالم",1
" بوتين ""كان على وشك إطلاق سراح نافالني"" في صفقة تبادل للسجناء ",1
ما الذي تعنيه استقالة الحكومة الفلسطينية؟ ,1
"""لا سلام طويل الأمد إلا بهزيمة حزب الله حتى لو عنى ذلك تدمير المدن اللبنانية"" - صحيفة إسرائيلية",1
 وفاة جندي أمريكي أضرم النار في نفسه احتجاجا على الحرب في غزة,1
 حرب غزة: رحلة صبي للحصول على الغذاء لإطعام أسرته,1
"""تُركنا أنا وأمي الميتة في الصحراء"" خلال رحلة هروبنا إلى مصر",1
 الحرب في السودان: رحلة محفوفة بالمخاطر لفارين إلى مصر عبر الصحراء,1
جندي أوكراني فقد بصره وساقيه وأعاده صوت زوجته إلى الحياة ,1
"""إسرائيل لا تتصرف بالعاطفة وبمشاعر الصدمة كما يقول الغربيون"" – جيروسالم بوست",1
هل توقف الصفقة المرتقبة بشأن الحرب في غزة عملية رفح البرية ؟,1
"نتنياهو يقدم ""رؤية متشددة"" لمرحلة ما بعد الحرب - صحيفة واشنطن  بوست",1
"الولايات المتحدة تؤكد رفضها أي ""احتلال جديد"" لقطاع غزة بعد انتهاء الحرب",1
لماذا تقاضي هذه العائلة الغزاوية وزارة الداخلية البريطانية؟,1
كيف ردت الفصائل الفلسطينية على مقترح نتنياهو لمرحلة ما بعد حرب غزة؟,1
"""شمال غزة يموت جوعاً""، هاشتاج أطلقه مغردون، بعد وفاة أطفال في القطاع",1
الحقيقة حول علاقة كوكو شانيل بالنازيين في مسلسل جديد ,1
ماذا نعرف عن حريق فالنسيا وأسبابه المحتملة؟,1
كيف يُقدّر المسعفون في الخطوط الأمامية تكلفة عامين من الحرب في أوكرانيا؟,1
"رئيس وزراء إسرائيلي سابق يكتب في هآرتس: ""غزة ما هي إلا الخطوة الأولى""",1
"تسجيل صوتي, حسين علاوي في بلا قيود: وجود القوات الدولية في العراق لا يشمل مهاما قتالية",1
" أزمة الغذاء في غزة: ""أفتقد الخبز، افتقد كل شيء""",1
البحث عن آخر الناجين من مجاعة البنغال ,1
 بعد عامين من الحرب في أوكرانيا، هل حققت روسيا أهدافها؟,1
كيف تغيرت روسيا منذ أن شنت حربها على أوكرانيا؟,1
"فشل تجربة صاروخ ""ترايدنت"" البريطاني يثير موجة سخرية حول العالم",1
"البيت الأبيض يقول إن محادثات إطلاق سراح الرهائن، ووقف إطلاق النار في غزة ""تسير بشكل جيد""",1
" حرب غزة: وصول مسيرة ""الحج من أجل السلام"" إلى العاصمة الأمريكية واشنطن",1
 قصة التوأم الملتصق الذي لم يتوقع له أحد الحياة,1
"تصريحات الأمير ويليام بشأن غزة ""ستسبب ثلاث مشكلات"" – ديلي ميل",1
كيف أنشأت الصواريخ الروسية قرية من الأيتام في أوكرانيا؟,1
كيف أنقذ غريبان حياة أحدهما الآخر؟ ,1
 فاطمة بايمان: أول نائبة محجبة في مجلس الشيوخ الأسترالي,1
ما حدود دور الصين في حرب غزة ووقف هجمات الحوثيين في البحرالأحمر؟,1
ما الشكل الجديد لفاغنر في أفريقيا؟ وكيف أعادت روسيا استخدامها؟,1
 ماذا نعرف عن جوليان أسانج ولماذا يحاكم؟,1
 حرب غزة: ماذا نعرف عن مدينة رفح؟,1
 حرب غزة: منظمة الصحة العالمية تنشر فيديو من داخل مستشفى ناصر بعد مداهمة إسرائيلية له,1
كيف حررت قطر أطفالاً من الأسر في روسيا؟,1
"""أصوات ضحكات أطفالي كأنها تعذيب""",1
 حرب غزة: معاهدة السلام بين مصر وإسرائيل على الطاولة بسبب الهجوم المتوقع على رفح,1
 دونالد ترامب: الرئيس الأمريكي السابق يطلق علامته التجارية للأحذية الرياضية,1
كيف ذاع اسم جوليان أسانج؟ وما أهم الأسرار التي كشف عنها؟,1
 ألكسي نافالني: المعارض الروسي يطالب أنصاره بعدم الاستسلام في حال قتله,1
وثائق مسربة تظهر أن بريطانيا رفضت طلبات مقدمة من مقاتلين أفغان قاتلوا إلى جانبها للعيش في المملكة المتحدة,1
 حرب غزة: ما أهمية باب المندب والبحر الأحمر في التجارة العالمية؟,1
"""حالة ارتباك واضحة بين الجيش الإسرائيلي ونتنياهو"" - هآرتس",1
قصة التوأم الملتصق الذي لم يتوقع له أحد الحياة,1
لماذا تُذبح ملايين الحمير سنويا؟,1
هل ينجح بايدن  بتمرير مساعدات عسكرية لأوكرانيا بقيمة 60 مليار دولار؟,1
الفيلم الحائز على جائزة الأوسكار والذي صوّر حياة أليكسي نافالني واحتمالية موته,1
في خمس نقاط: ما الذي نعرفه عن الضربة القضائية المدوية لإمبراطورية ترامب المالية؟,1
صور الأقمار الصناعية تظهر أعمال بناء جديدة على الحدود المصرية مع قطاع غزة,1
الدكتور غانم في بلا قيود: الحوثيون مشروع للحرب وليس مشروعا للسلام,1
الكويت: كيف بدأت أزمة مجلس الأمة ,1
ماذا قال الأمير هاري عن مرض والده الملك تشارلز؟,1
"""مصر تسعى منذ فترة طويلة لتجنب تدفق طوفان من اللاجئين عبر حدودها"" - صحيفة أمريكيّة",1
تعرف على أبرز محطات حياة الراحل أليكسي نافالني أشد معارضي بوتين ,1
 أولمبياد 2024: من هي أول ملاكمة محجبة تشارك في البطولة؟,1
 من هو أليكسي نافالني المعارض الأشهر لبوتين؟,1
قصة جاسوس سوفيتي قضى أكثر من 30 عاما وسط دوائر النخبة الفرنسية,1
وفاة أشهر معارضي بوتين في سجنه في روسيا  ,1
 رحيل محمود المسلّمي صاحب الصوت الأيقوني في إذاعة بي بي سي نيوز عربي,1
"""لهذه الأسباب يتعرض المجتمع اليهودي للترهيب في بريطانيا"" - الديلي ميل",1
من يفضل بوتين: جو بايدن أم دونالد ترامب؟,1
ما الأثر الذي يتركه تلوّث الهواء على عقولنا وأجسادنا على المدى البعيد؟,1
"لماذا لا تزال مفاوضات القاهرة للتوصل لاتفاق بين حماس وإسرائيل ""عالقة""؟",1
حرب إسرائيل في غزة تتوقف بالكامل على يحيى السنوار - جيروزاليم بوست,1
الحريري يعود إلى بيروت: فاصل ونواصل...,1
"حرب غزة: الموت وبحث إسرائيل عن ""النصر الكامل""",1
 بوب مارلي: ما علاقة ديانته الرستفارية بتدخين الماريغوانا؟,1
"من الرابح والخاسر من ""انسحاب"" قوات التحالف الدولي من العراق؟",1
العلاقات المصرية التركية: زيارة أردوغان للقاهرة تطوي سنوات من القطيعة,1
إسرائيل قد تواجه تهماً بارتكاب جرائم حرب إذا أقدمت على اجتياح رفح - التليغراف ,1
يوم الإذاعة العالمي: تفاصيل إنتاج برنامج غزة اليوم الإذاعي,1
الموت في بحر المانش: ما الذي دفع طفلاً عربياً إلى رحلته الأخيرة؟,1
 غزة 101: ما هو حال المسعفين في قطاع غزة منذ بداية حرب غزة؟,1
غزة 101 : مشاهد من حياة فرق الإسعاف على خط النار,1
رفح: هل يعد توغل إسرائيل المحتمل خرقا لمعاهدة كامب ديفيد مع مصر؟,1
"الهجوم على رفح ""مفتاح النصر"" لإسرائيل، وحماس تحذّر من ""مجزرة عالميّة"" - صحف",1
" داخل السجن الضخم السري في السلفادور: ""لا تنظر إليهم في أعينهم""",1
 حرب غزة: عائلات الرهائن في إسرائيل تطالب نتنياهو باتفاق فوري مع حماس للإفراج عن أبنائها,1
إدانة منتقدي إسرائيل من اليهود بوصفهم معادين للسامية  تحريف للتاريخ- في الأوبزرفر,1
خبراء: مقاطع الفيديو التي ينشرها الجنود الإسرائيليون من غزة قد تنتهك القانون الدولي,1
وزارة الدفاع الإماراتية تعلن مقتل 3 من جنودها وضابط بحريني في هجوم على قاعدة عسكرية في الصومال,1
الصين تلغي مباراتين وديتين للأرجنتين احتجاجا على غياب ميسي,1
 كيف يبدو أكبر وأكثر السجون سرية في السلفادور؟ ,1
العثور على الطفلة هند رجب ميتة بعد أيام من إرسالها نداء استغاثة,1
الفلسطينيون في إسرائيل ممزقون بين التعاطف مع ضحايا حماس والتعاطف مع سكان غزة - جيروساليم بوست,1
من هي النجمة العالمية تايلور سويفت التي وصل الهوس بها إلى اليابان؟,1
"ما قصة المسجد ""الأثري"" الذي هُدم في الهند وكان يؤوي أيتاماً؟  ",1
ماذا قد يحدث إذا اجتاحت إسرائيل مدينة رفح جنوبي غزة؟,1
"بعد أن وصف السيسي بـ ""رئيس المكسيك""، ما هي حالة الذاكرة لدى الرئيس الأمريكي جو بايدن؟",1
كل الدلائل تشير إلى تفاقم الوضع في رفح، على الرغم من صعوبة تصديق ذلك - الغارديان,1
"الحراس ""المحاصرون"" على الحدود الأكثر خطورة في الشرق الأوسط ",1
هل يستطيع الحوثيون تخريب الكابلات البحرية؟,1
"في العاصمة السودانية: ""قسم التكفين هو الأكثر انشغالا في مستشفى النو""",1
الحكم بحبس المعارض أحمد الطنطاوي يثير الشكوك حول خطط الحكومة المصرية لإحداث انفراجة سياسية,1
الإنترنت والاتصالات خارج الخدمة في السودان وتحذيرات من تفشي الجوع,1
 نواف سلام: من هو الرئيس الجديد لمحكمة العدل الدولية؟,1
لماذا أُدرجت هدى الصراري على قائمة اغتيالات سياسية في اليمن؟,1
"ما مصير الطفلة ""هند رجب"" التي حوصرت وسط إطلاق النار في غزة؟",1
من هم الجنود الإسرائيليون الذين ظهروا في مقطع فيديو يحتفون بتدمير مبنى في غزة؟,1
كأس آسيا: الأردن إلى الدور النهائي لأول مرة في تاريخه بعد تغلبه على كوريا الجنوبية,1
مبيعات سلسلة ماكدونالدز تتراجع عالمياً بسبب حملات المقاطعة,1
ماذا سيناقش وزير الخارجية الأمريكي أنتوني بلينكن في زيارته الخامسة إلى الشرق الأوسط؟,1
لماذا أعادت السعودية علاقاتها بشكل كامل مع سوريا؟,1
الملك تشارلز يبدأ رحلة علاج من السرطان,1
الحوثيون .. من هم؟ وماذا يريدون؟,1
"طيران الإمارات تنذر بوينغ: ""هذه فرصة أخيرة""",1
الرئيس السلفادوري نجيب أبو كيلة يعلن فوزه بالانتخابات,1
 كيف كشفت ربة منزل الحقيقة وراء انهيار مبنى في زلزال تركيا؟,1
 حرب غزة: من يمتلك الطائرات المسيرة في الشرق الأوسط؟,1
طائرة مسيرة ستكتشف أسرار القارة القطبية الجنوبية,1
"""بايدن يجازف بإشعال حرب عالمية ثالثة"" - نيويورك بوست",1
من هي بشرى كربوبي أول حكمة عربية تدير مباراة في كأس الأمم الأفريقية؟,1
 ما مدى قوة حكام جماعة أنصار الله الحوثي في اليمن؟,1
"""هل سيتمكن بايدن من ردع إيران في نهاية المطاف؟"" - وول ستريت جورنال",1
ماذا نعرف عن الضربات الأمريكية على سوريا والعراق واليمن، وكيف سيكون رد إيران؟ ,1
ما هي حسابات إيران بشأن الهجمات الأمريكية على أهداف في سوريا والعراق واليمن؟,1
"الضربات الأمريكية والبريطانية ""تفشل في الحدّ من هجمات الحوثيين"" ",1
"""لن يتردد في تغيير الحكومة إذا لم تعجبه قراراتها"".. من هو ملك ماليزيا الجديد؟",1
معضلة بايدن: هل ينقذ إيقاف العمليات العسكرية في الشرق الأوسط مصيره الرئاسي؟,1
لماذا يُتوقع من مسقط أن تنجح في الوساطة لدى الحوثيين؟,1
ماذا يحدث على الحدود الأردنية-السورية؟,1
" هل يعتبر قطاع غزة ""محتلاً"" رغم الانسحاب الإسرائيلي منه عام 2005؟",1
بايدن في مواجهة ترامب: ما هي نقاط القوة والضعف التي سوف يستغلانها؟ ,1
يستحق الانتباه: ماذا نعرف عن مثلث حدود سوريا، الأردن، العراق  ومن يسيطر عليه؟,1
الخارجية الأمريكية تدرس خيارات اعتراف محتمل بالدولة الفلسطينية - موقع أكسيوس,1
 هل تستطيع الفيلة السباحة؟,1
كيف تأثرت زامبيا بتفشي الكوليرا؟,1
"هل يؤدي أي تدخل إيراني في الحرب في السودان إلى تحولها إلى ""صراع إقليمي""؟",1
"نصف المباني على الأقل ""دمرت بالكامل أو تضررت"" في غزة",1
" ""يستحق الانتباه"":  كيف تبدو الحياة في الخليل بعد هجوم 7 أكتوبر/تشرين الأول؟",1
ثلاثة خيارات أمام واشنطن للرد على الهجمات على جنودها,1
"""حماس تخشى خسارة أهم أوراقها وإسرائيل لن تقبل تبييض سجونها"".. ماذا يقال في الهدنة الجديدة؟ ",1
 الكوليرا مرض خطير ولكن يمكن الوقاية منه، فلماذا ترتفع معدلات الإصابة به حول العالم؟,1
جروح وجوع ووحدة، هذا ما يعانيه أطفال غزة الذين تيتموا بسبب الحرب,1
من اللاعبون الأساسيون في صناعة واستخدام المسيرات بالشرق الأوسط؟,1
حكم جديد بسجن عمران خان 14 عاماً بعد يوم من سجنه لعشرة أعوام ,1
"""يستحق الانتباه"": ما قصة 15 رهينة احتجزهم مقاتلو القسام في كيبوتس بئيري بإسرائيل؟",1
لماذا ننام في أسرّة؟ تاريخ غريب ممتد على قرون,1
منتخب المغرب يودع كأس الأمم الأفريقية بعد خسارته أمام جنوب أفريقيا بهدفين نظيفين ,1
"""هناك قنبلة هائلة تنتظر الانفجار في الشرق الأوسط"" - في الغارديان",1
كاميرون في عُمان: هل تسهم الدبلوماسية الغربية في تغيير معادلات الصراع في الشرق الأوسط؟,1
كيف كان رد الفعل الفلسطيني والتبرير الإسرائيلي لعملية قتل ثلاثة شبان في أحد مستشفيات جنين؟ ,1
كيف سيكون الرد الأمريكي على الهجوم الذي استهدف البرج 22؟ ,1
" ""إرسال الأموال إلى كوريا الشمالية يشبه فيلم تجسس""",1
نتنياهو وبايدن: خلاف لم يرقَ لوقف إطلاق النار في غزة,1
صور الأقمار الصناعية تؤكد وجود القاعدة العسكرية الأمريكية المستهدفة داخل الأردن,1
"""على بايدن أن يستهدف العملاء الإيرانيين بعد مقتل العسكريين الأمريكيين"" – واشنطن بوست",1
مقتل الجنود الأمريكيين يزيد الضغط على الرئيس الأمريكي جو بايدن,1
 حرب غزة: ما هي قصة مدينة خان يونس في قطاع غزة؟,1
مصر تودّع كأس أفريقيا من الدور ثمن النهائي بعد الهزيمة أمام الكونغو الديمقراطية,1
خمسة أشياء يجب معرفتها عن الالتهاب الرئوي بعد تزايد الإصابة به في العالم,1
قصة أستاذ جامعي يكسب من أعمال اللحام أكثر من وظيفته الجامعية في نيجيريا,1
"أوكرانيا تقول إنها اكتشفت ""فساداً كبيراً"" في عمليات شراء الأسلحة",1
هل يجرُ الحوثيون الولايات المتحدة وحلفاءها إلى حرب لا يمكنهم الانتصار فيها؟,1
"خسارة قضية التشهير ""سلاح ذو حدين"" لترامب",1
لماذا استخدمت الولايات المتحدة غاز النيتروجين في عملية إعدام هي الأولى من نوعها؟,1
لماذا تتجاوز السفن التي غيرت مسارها إلى رأس الرجاء الصالح موانئ جنوب أفريقيا؟,1
ماذا بعد قرار محكمة العدل الدولية بشأن حرب غزة؟,1
القارب المفقود بين لبنان وقبرص: هل وقع الركاب ضحية تجارة الأعضاء؟,1
جوان دونغو: من هي رئيسة محكمة العدل الدولية؟,1
"""هل يمكن للمحكمة الفيدرالية أن تجد بايدن متواطئاً في الإبادة الجماعية للفلسطينيين""؟ - الإندبندنت",1
كأس الأمم الأفريقية: مصر والمغرب وموريتانيا، أي منتخب مرشح لمزيد من الصعود بعد التأهل لدور الـ 16؟ ,1
الولايات المتحدة تنفذ أول عملية إعدام بغاز النيتروجين,1
ما أبرز الأحكام والقرارات التي اتخذتها محكمة العدل الدولية على مدار تاريخها؟,1
 حرب غزة: ما الذي نعرفه عن مقاضاة جنوب أفريقيا لإسرائيل أمام محكمة العدل الدولية؟,1
ما القرار المتوقع اليوم لمحكمة العدل الدولية بشأن قضية جنوب أفريقيا ضد إسرائيل؟ ,1
ما الذي نعرفه عن قصف مركز الأونروا في خان يونس؟,1
ما هما الموقفان الأممي والإسرائيلي من الهجوم على مركز تدريب للأونروا في غزة؟,1
بي بي سي في جولة مع طيارين يسقطون طائرات الحوثيين المسيرة,1
ما هو محور فيلادلفيا الذي تسعى إسرائيل السيطرة عليه؟,1
 بي بي سي على متن سفن حربية أمريكية للحراسة ضد هجمات الحوثيين في البحر الأحمر,1
دليل مبسط  لفهم مختلف مراحل الانتخابات الرئاسية الأمريكية 2024,1
"""بعد عائلات الرهائن.. حان الآن دور عائلات الجنود لزعزعة إسرائيل"" - في هآرتس",1
"""يستحق الانتباه"" مدخلك لفهم ما وراء الأحداث",1
لماذا يتمتع ترامب بشعبية كبيرة بين الجمهوريين؟,1
"مايكل أوين عن فقدان نجله للبصر: ""لو كان بإمكاني لأعطيته عيني""",1
 تحقيق لبي بي سي يكشف عن تمويل الإمارات لاغتيالات سياسية في اليمن,1
موريتانيا تحقق فوزا تاريخيا على الجزائر وتقصيها من كأس أمم أفريقيا 2023,1
 الصحة العالمية تحذر من تضاعف الإصابة بالحصبة 45 مرة في أوروبا  ,1
هل تسهم محطة الضبعة النووية في حل أزمة الطاقة في مصر؟,1
الولايات المتحدة وبريطانيا تشنان هجمات هي الثامنة من نوعها على الحوثيين في اليمن,1
الانتخابات الأمريكية: دونالد ترامب يواجه نيكي هيلي في نيوهامشير,1
" حرب غزة: كيف وصل ""القرصان الوسيم"" إلى العالمية؟",1
حرب غزة: صور الأقمار الصناعية تظهر تدميراً واسعاً للأراضي الزراعية,1
تحقيق لبي بي سي يكشف أن الإمارات العربية المتحدة موّلت اغتيالات سياسية في اليمن,1
"تحقيق في ""خطب معادية للسامية ألقاها جنرالات إيرانيون على الطلاب"" في بريطانيا",1
نتنياهو أمام خيارين: مصلحته السياسية أو المصلحة الوطنية - يديعوت أحرونوت   ,1
ما دلالة أسبوع من الضربات الصاروخية في أرجاء الشرق الأوسط؟,1
 حرب غزة: مواطنون يشكون من ارتفاع أسعار الحمير بعد ازدياد الطلب عليها خلال الحرب,1
ما فرص منتخب مصر اليوم في المواجهة الصعبة أمام الرأس الأخضر؟,1
 حرب غزة: وزير الدفاع البريطاني يقول إن المملكة المتحدة بحاجة إلى الاستعداد للحرب,1
توتر بسبب صفقة عقارية غامضة.. ماذا يحدث في الحي الأرمني في القدس؟,1
رون ديسانتيس ينسحب من السباق الرئاسي الأمريكي ويعلن دعمه لدونالد ترامب,1
تضاؤل فرص السلام في السودان بعد تجميد الحكومة عضويتها في منظمة إيغاد,1
أين تقع بلوشستان ولماذا يتم استهدافها؟,1
مخدرات واغتصاب وقتل في مدينة تصطاد الأمريكيين بتطبيقات المواعدة,1
 نتنياهو يتحدى بايدن ويكرر رفضه لقيام دولة فلسطينية,1
وزير في مجلس الحرب الإسرائيلي يشكك في استراتيجية نتنياهو في غزة,1
ما أسباب ارتفاع أسعار الذهب في مصر؟,1
ما الذي يحدث عندما تعتقد أن الذكاء الاصطناعي يختلق أكاذيب عنك؟,1
بريطانيا تجري تجربة ناجحة لسلاح ليزر جديد أقل تكلفة من الصواريخ,1
مسؤول أممي: تدمير غزة يهدد بضياع جيل كامل من الأطفال,1
هل تعدّ مغادرة جوردان هندرسون لنادي الاتفاق نكسة للدوري السعودي؟,1
نتنياهو يرفض علنا المسعى الأمريكي لإقامة دولة فلسطينية,1
توقيف رجل أعمال سوداني في مصر تتهمه واشنطن بدعم حماس,1
هل يمكن أن يستمر التصعيد بين باكستان وإيران؟,1
"""تضامن العرب والمسلمين مع الشعب الفلسطيني يتناقض مع عدم التدخل في صراعات إقليمية أخرى"" - جيروزاليم بوست",1
 حرب غزة: بي بي سي عربي تتحقق من تدمير الجيش الإسرائيلي لمقبرة في خان يونس,1
هل ما قدمه المغرب أمام تنزانيا يجعله مرشحا للفوز بكأس أمم أفريقيا؟,1
الاستخبارات البريطانية تكشف معلومات جديدة عن حاسوب ساعد في حسم الحرب العالمية الثانية,1
ما هي حركة جيش العدل التي استهدفتها إيران في باكستان؟,1
كيف تُترجم الضربات الصاروخية الإيرانية في العراق وسوريا؟,1
"""لا يجوز لإسرائيل أن تبقى صامتة في وجه الدعم التركي لحركة حماس"" - جيروزاليم بوست",1
"كريم بنزيما يقاضي وزير الداخلية الفرنسي بسبب اتهامه له بـ ""الارتباط بجماعة الإخوان المسلمين""",1
هل يمكن أن تنسحب القوات الأمريكية من العراق؟,1
المرض إكس: ما هو الوباء غير المعروف الذي يستعدّ العالم لمواجهته؟,1
الإسرائيليون وقادتهم يرفضون دفع ثمن صفقة الرهائن - هآرتس,1
ماذا حدث لمراهقين اكتشفا واحدة من أكبر الماسات في العالم؟,1
 إيران: ماذا نعرف عن هجمات الحرس الثوري الإيراني على العراق وسوريا؟,1
"إدانة أمريكية للضربات الصاروخية الإيرانية ""المتهورة"" على أربيل شمالى العراق",1
 الانتخابات الرئاسية الأمريكية: دونالد ترامب يفوز بالانتخابات التمهيدية للحزب الجمهوري في أيوا  ,1
المؤتمرات الحزبية في ولاية أيوا: ماذا يعني فوز ترامب المهيمن بالنسبة لمنافسيه؟,1
أوكرانيا تقول إنها أسقطت طائرة تجسس روسية,1
"""عيون إسرائيل"" التي لم يستمع أحد إلى تحذيراتها",1
" حرب غزة: أهالي الرهائن الإسرائيليين: ""ليس لديهم مياه عذبة ولا علاج طبي""",1
انتفاضة الأقصى: بريطانيا سعت لوضع خط أحمر لحق إسرائيل في الدفاع عن النفس- وثائق بريطانية,1
"قضية إسرائيل أمام محكمة العدل الدولية تختبر ""مزاعم الغرب بالتفوق الأخلاقي"" - الغارديان",1
" حرب غزة: ما هي قصة المدينة التي تعرف بـ""فلسطين الصغيرة"" في الولايات المتحدة الأمريكية؟",1
 حرب غزة: صور الدمار بعد 100 يوم من الحرب,1
صلاح ينقذ مصر بالتعادل أمام موزمبيق في افتتاحية المجموعة الثانية لكأس أمم أفريقيا 2023,1
"لماذا قالت بكين إن واشنطن ""أخطأت بشدة"" بتهنئتها الرئيس الجديد لتايوان؟",1
السلام في الشرق الأوسط يواجه عقبات كثيرة، لكن استمرار العنف غير مقبول – ديلي ميل,1
خيارات صعبة أمام إسرائيل في رؤية الولايات المتحدة للشرق الأوسط,1
كيف تغيرت أعراض فيروس كورونا مع ظهور كل متحور جديد؟,1
"""فلسطين الصغيرة"" في الولايات المتحدة الأمريكية",1
"الولايات المتحدة تسلم ""رسالة خاصة"" لإيران بعد ضربات في اليمن",1
تايوان تنتخب وليام لاي رئيسا في انتخابات تاريخية,1
"روسيا تصنف أحد أشهر كتابها ""عميلا أجنبيا""",1
التدخل العسكري في اليمن له ما يبرره في الوقت الراهن – الإندبندنت,1
مظاهرات في البحرين تنديداً بالهجمات على مواقع للحوثيين في اليمن,1
ساحل العاج من الحرب الأهلية إلى إنفاق مليار دولار على كأس الأمم الأفريقية,1
حسين الحاج حسن في بلا قيود: عملياتنا إسناد للمقاومة الفلسطينية,1
ما الذي يحدث في البحر الأحمر وما هي ردود الفعل الدولية على الهجوم الأمريكي البريطاني على اليمن؟,1
لماذا قررت واشنطن ولندن ضرب الحوثيين في اليمن الآن؟ ,1
"""قلق عميق"" على المرضى والعاملين في مستشفى شهداء الأقصى بغزة",1
 حرب غزة: ما الذي نعرفه عن الضربات الأمريكية البريطانية على الحوثيين في اليمن؟,1
بسبب حرب غزة، فنانون فنلنديون يطالبون بمنع إسرائيل من المشاركة في مسابقة يوروفيجين الأوروبية,1
" حرب غزة: ما هي ""اختبارات كشف الكذب"" التي يطالب بها نتنياهو؟",1
الشوارع فارغة بينما تشهد البلاد عنفا غير مسبوق، ماذا يحدث في الإكوادور؟,1
"""إسرائيل تفشل في ترجمة انتصاراتها التكتيكية إلى مكاسب استراتيجية"" على الحدود الشمالية - هآرتس",1
ماذا نعرف عن أكبر هجوم للحوثيين في البحر الأحمر تصدت له البحرية الأمريكية والبريطانية؟,1
اقتحام محطة تلفزيون وإعلان الطوارئ، ماذا يدور في الإكوادور؟,1
"من هو غابرييل أتال، أصغر رئيس وزراء لفرنسا، الذي وصف بـ""رمز الجرأة والحركة""؟",1
 لحظة اقتحام مسلحين محطة تلفزيون في الإكوادور وتهديد العاملين على الهواء مباشرة,1
السعودية مهتمة بالتطبيع مع إسرائيل بعد الحرب، ولكن ما هي شروطها؟,1
ماذا يعني الإعلان الإسرائيلي عن المرحلة الثالثة من حرب غزة؟,1
فلسطينيون يدفعون آلاف الدولارات في محاولة للفرار من الحرب في غزة – في الغارديان,1
ماذا نعرف عن أرض الصومال ومذكرة التفاهم بينها وبين إثيوبيا؟,1
ما هي مهمة بلينكن في زيارته الرابعة للشرق الأوسط؟ وهل يفلح فيها؟,1
 حرب غزة: محتجون يقاطعون خطاباً لبايدن ويطالبون بوقف الحرب ,1
"ما حقيقة وقوع جرائم اغتصاب وتعذيب على يد زعيم كنيسة ""كل الأمم"" الراحل في نيجيريا؟",1
"""شاهين"" نحو القمر في مهمة أمريكية خاصة",1
بلينكن يؤكد ضرورة تمكين الفلسطينيين من البقاء في  غزة,1
 حرب غزة: نازحون فلسطينيون ينصبون خيامهم على الحدود بين مصر وغزة,1
كيف تأثر الاقتصاد الأردني بالحرب بين إسرائيل وحماس؟,1
"ما هو""الاختطاف الافتراضي"" وكيف يقع الصينيون الذين يدرسون في الغرب ضحيته؟",1
"""من غزة إلى أوكرانيا، القوة الغاشمة تهدد بالانتصار في 2024"" - في الغارديان",1
"ماذا يعني إعادة حاملة الطائرات الأمريكية ""فورد"" إلى مينائها؟",1
كيف تستخدم إسرائيل الذكاء الصناعي في حربها؟,1
"""الشرق الأوسط على شفير الهاوية""- في الفاينانشال تايمز",1
المحكمة العليا الأمريكية تنظر في إمكانية ترشح ترامب في الانتخابات الرئاسية,1
ماذا حصل لبعض المقابر في قطاع غزة؟,1
لماذا تحتفظ أمريكا بمخزون أسلحة في إسرائيل؟,1
من هم المرشحون في الانتخابات الرئاسية في تايوان ولماذا يهتم العالم بمن سيفوز؟,1
الحوثي في بلا قيود: نستهدف السفن الإسرائيلية والمتجة إليها,1
السنة القمرية: ما علاقة بوريس جونسون بالتنين؟,1
 كأس الأمم الأفريقية 2024: من الأهم النادي أم المنتخب الوطني؟,1
تنظيم الدولة الإسلامية يعلن مسؤوليته عن التفجيرين اللذين وقعا خلال إحياء ذكرى قاسم سليماني,1
لماذا أصدر القضاء الفرنسي حكماً بالسجن والغرامة على اللاعب الجزائري يوسف عطال؟,1
 انفجار إيران: شهود عيان يصفون اللحظات الأولى للهجوم قرب قبر قاسم سليماني,1
اتهام سبيس أكس بتسريح موظفين بطريقة غير قانونية,1
تقنية تنبيه السائقين عند ظهور علامات النعاس خلال القيادة,1
اغتيال صالح العاروري في لبنان يثير مخاوف من توسيع نطاق الحرب,1
ماذا نعرف عن الانفجارين اللذين وقعا في إيران بالتزامن مع إحياء ذكرى قاسم سليماني ؟,1
تسلسل زمني لأبرز الهجمات والانفجارات التي شهدتها إيران في السنوات الأخيرة,1
 انفجار إيران: ماذا نعرف عن التفجيرات التي وقعت بالقرب من قبر قاسم سليماني؟,1
ما أهمية التوصل إلى اتفاق يمنح إثيوبيا منفذاً بحرياً؟,1
"لغز الأعداء: ما واقعية اتهام حماس بأنها ""صنيعة"" إسرائيلية؟",1
" صالح العاروري: من هو ""الرجل الثاني"" في حركة حماس الذي اغتيل في لبنان؟",1
المقاومة الشعبية في السودان بين الدفاع عن النفس والانزلاق نحو حرب أهلية,1
بريطانيا سعت لتمكين محمد دحلان السياسي الفلسطيني المثير للجدل لضمان أمن إسرائيل في ذروة الانتفاضة الثانية – وثائق بريطانية,1
"قرار سحب حاملة الطائرات الأمريكية من الشرق الأوسط ""ليس خبراً جيداً لإسرائيل"" - هآرتس",1
قوات الدعم السريع توافق على إطلاق سراح أكثر من 400 أسير ومحتجز بعد محادثات مع حمدوك,1
الصومال يصف اتفاقاً بين إثيوبيا وأرض الصومال بالعمل العدواني,1
 حرب غزة: ما قصة الفنانة الفلسطينية التي ترسم على أنقاض المنازل المدمرة؟,1
" حصاد 2023: عام من ""التطرف المناخي"" في شمال أفريقيا، والحكومات ""غير مستعدة"" ",1
كيف أدت الحرب المستمرة في غزة إلى تدمير كثير من مواقعها التاريخية؟,1
" بريطانيا تعلن ""التصدي"" للحوثيين في البحر الأحمر",1
"بعد 95 عاما، ديزني تفقد حقوق النشر لشخصية ""ميكي ماوس""",1
 حرب غزة: كيف استقبل العالم عام 2024؟,1
إسرائيل تتوقع أن تستمر الحرب في غزة طيلة عام 2024,1
قصة العشق الممنوع بين إسبانيات ومغاربة,1
بالصور: أول دول العالم التي تستقبل العام الجديد 2024 ,1
الشرق الأوسط يقترب من الانزلاق إلى حافة صراع إقليمي واسع - الغارديان,1
كيف بدت الدبلوماسية والتحالفات في العالم العربي عام 2023؟,1
لماذا كان عام 2023 غير مريح لمصالح الدول الغربية؟,1
هل 2024 هو العام الذي ستنطلق فيه عمليات تسليم المشتريات بالطائرات المُسيرة؟,1
3 سيناريوهات لتطور حرب أوكرانيا في عام 2024,1
مقتل 30 شخصا على الأقل في أضخم قصف روسي لأوكرانيا,1
حزب الله: بريطانيا أجرت حوارا سريا مع التنظيم ثم سعت لاستغلال الحريري لتفكيك قدراته العسكرية – وثائق بريطانية,1
 حصاد 2023: لماذا يعتبر 2024 عاما سياسيا كبيرا بالنسبة لنصف سكان العالم؟ ,1
 حرب غزة: بي بي سي في أحد أكبر أنفاق حماس التي تقول إسرائيل إنها اكتشفته,1
ما هي مجموعة البريكس وما هي الدول الجديدة التي ستنضم إليها؟,1
 حصاد 2023: أربع أزمات تراوح مكانها في لبنان,1
غزة تحتاج إلى خطة للسلام، وليس إلى مطالب بعيدة المنال – صحيفة ذا ناشيونال,1
أبرز صور عام 2023 من جميع أنحاء العالم,1
لقاء البرهان وحميدتي المرتقب:  فرص النجاح والمآلات,1
قطر تُخفف عقوبة الإعدام الصادرة بحق ثمانية ضباط سابقين في البحرية الهندية,1
أحداث شهدتها منطقة الشرق الأوسط وشمال أفريقيا في 2023,1
إسرائيل توسع هجومها البري على مخيمات اللاجئين في وسط غزة,1
 حرب غزة: نازحون في مستشفى ناصر الطبي في خان يونس يشكون الوضع الصحي,1
"لواء احتياط إسرائيلي: ""لا تصدقوا رواية الجيش عن أنفاق حماس"" - في هآرتس",1
 حصاد 2023: كيف تنافست السعودية وقطر على الساحة السياسية؟,1
مأساة مسعف فلسطيني فقد 29 فردا من عائلته منذ أسبوعين ولم يتمكن من دفنهم بعد,1
تزايد قلق الناخبين الشباب في الولايات المتحدة بشأن سياسة بايدن تجاه الحرب في غزة,1
" حرب غزة: دفن 80 جثة مجهولة الهوية بمقبرة جماعية في رفح، وحماس تتهم إسرائيل بـ ""انتهاك حرمة الموتى""",1
ثلاثة متطلبات لإسرائيل لكي يتحقق السلام في غزة – وول ستريت جورنال,1
كيف وثق مخرج سويدي حياة أجيال من عائلة فلسطينية في غزة على مدى أربعة عقود؟ ,1
 حرب غزة: ما هي أسلحة حماس التي تمكنها من مواجهة إسرائيل حتى الآن؟,1
من سينتصر في الخلاف بين السعودية والإمارات؟,1
"""تبرعي بكليتي لشخص غريب غيّر حياتي""",1
الحزن يخيم على الكنائس العربية في عيد الميلاد تضامنا مع الفلسطينيين في غزة,1
"""إسرائيل تواجه أزمة دبلوماسية كبيرة حاليا"" - جيروزاليم بوست",1
 حرب غزة: كيف استقبلت بيت لحم عيد الميلاد؟,1
 حرب غزة: كيف يمنع الجدار الفاصل في بيت لحم سانتا كلوز من الوصول للأطفال للاحتفال بعيد الميلاد؟,1
لماذا تنضم البحرين إلى عمليات التحالف الدولي في البحر الأحمر؟,1
 الحرب في السودان: كيف مر هذا العام على السودانيين في ظل الحرب؟,1
ما هي حركة فالون غونغ الدينية المحظورة في الصين والتي يزداد أتباعها بالخارج؟ ,1
تصاعد العمليات العسكرية في السودان وسط أنباء عن لقاء محتمل بين البرهان وحميدتي,1
حرب غزة تفاقم معاناة الطلبة الفلسطينيين في مصر,1
هل ينجح بايدن في إقناع إسرائيل بتغيير نهجها؟,1
مجموعة مختارة من أقوى الصور حول العالم على مدار الأسبوع,1
"""أخبرت طفلي أنها ليست قنابل حقيقية بل أحد أفلام الحركة""",1
إسرائيل وبريطانيا وفرنسا خططوا لأبعد من السيطرة على قناة السويس في حربهم على مصر عام 56 ـ وثائق بريطانية,1
القرية التي يعاني جميع سكانها من الخرف,1
"""إسرائيل حولت مدينتي غزة وخان يونس إلى خراب"" – الفاينانشال تايمز",1
 الحرب في السودان: ما الذي يحدث في ود مدني، وما أهمية  سيطرة قوات الدعم السريع على المدينة؟,1
 ما الذي تقوله أعداد القتلى في غزة عن الحرب؟,1
ناصر وكمال عدوان والعودة: ماذا يجري في مستشفيات غزة؟,1
" حرب غزة: رحلة مصور بي بي سي المروعة على ""طريق الجحيم"" في غزة",1
ما هي أسلحة حماس الجديدة التي تمكنها من المواجهة حتى الآن؟,1
ما حقيقة مزاعم تعرض سودانيات لجرائم اغتصاب في ولاية الجزيرة في السودان؟,1
"كيف أثرت ""شائعة"" يخوت زيلينسكي على المساعدات الأمريكية لأوكرانيا؟",1
غزة مفتاح التطورات الإقليمية في المنطقة - الأيام الفلسطينية,1
إيكيا تحذر من تأخر وصول منتجاتها بعد هجمات البحر الأحمر وتوقعات بارتفاع الأسعار على المستهلكين,1
لا مكان في المشفى يتسع لناجٍ وحيد من قصف منزل في خان يونس,1
" حرب غزة: ""يبدو أن فقدان أحد أفراد أسرتي أمر لا يمكن تفاديه""",1
هل يمكن أن نشهد وقفا جديدا لإطلاق النار في غزة؟,1
البرلمان الفرنسي يقر تعديلات صارمة على قانون الهجرة بعد أشهر من الجدل,1
هل ينجح دونالد ترامب بالعودة إلى البيت الأبيض بعد حكم ولاية كولورادو؟,1
المفاوضات تؤجل تصويت الأمم المتحدة على وقف الحرب في غزة,1
ناشطة يمنية تحصد جائزة لمساعدتها آلاف الشباب اللاجئين في بلدها,1
ماذا نعرف عن الشيخ مشعل الصباح أمير الكويت الجديد؟,1
 مشعل الأحمد: ماذا نعرف عن أمير الكويت الجديد؟,1
كيف نقرأ استهداف السفن في البحر الأحمر؟,1
"ود مدني: ""يبدو أن النزوح قد كُتب علينا""",1
" حرب غزة: ما هو تحالف ""حارس الازدهار"" الذي أطلق لصد هجمات الحوثيين في البحر الأحمر؟",1
كتائب القسام تبث فيديو لثلاث رهائن إسرائيليين مُسنّين,1
ربع مليون نازح بسبب الاشتباكات في مدينة ود مدني جنوب العاصمة السودانية,1
"خبراء يحذرون من ""صدمة"" جديدة للتجارة العالمية بعد تهديدات الحوثيين للملاحة في البحر الأحمر",1
ما التحديات التي تواجه السيسي بعد فوزه بفترة رئاسية ثالثة؟,1
"""إسرائيل تحاول محو ذاكرتنا"" - في الغارديان",1
دون اتصالات وإنترنت، كيف يكافح الصحفيون في غزة لإيصال الصورة للعالم؟,1
 كيف أصبحت الكوفية رمزا وطنيا للفلسطينيين؟,1
شركات الملاحة الكبرى تبتعد عن البحر الأحمر بسبب هجمات الحوثيين,1
كوريا الشمالية تطلق أطول صاروخ عقب اجتماع بين كوريا الجنوبية والولايات المتحدة,1
عائلات أمريكية من أصول فلسطينية تروي معاناتها مع تفشي الكراهية بعد حرب غزة,1
"""الدعوة إلى الهدنة أمر سهل، لكن التفاصيل ستكون الجزء الصعب"" - صحيفة التايمز",1
"التغير المناخي: هل تتغير الفرص بحلول ""عيد ميلاد أبيض"" حول العالم؟",1
الولادة في زمن الحرب: قابلات يجرين عمليات على الأرض,1
"وزير الخارجية البريطاني يؤيد ""وقفا مستداما لإطلاق النار"" في غزة",1
تفجير لوكربي: هل هو أعظم رواية بوليسية؟,1
رئيس وزراء المجر فيكتور أوربان: هل يبتز رجل واحد الاتحاد الأوروبي؟,1
هل ستنجح جولة المفاوضات التي تستضيفها العاصمة الإثيوبية بشأن ملء سد النهضة؟,1
هل يؤدي تزايد الدعم الشعبي لحماس في الضفة الغربية إلى اندلاع انتفاضة جديدة؟,1
خان يونس .. من فندق مملوكي إلى مأوى للاجئين والنازحين,1
كيف تعتقل إسرائيل مئات الفلسطينيين دون اتهامات؟,1
 حرب غزة: ما هو محور فيلادلفيا على الحدود المصرية، وما خصوصيته الأمنية؟,1
شركة شحن عملاقة توقف رحلاتها عبر البحر الأحمر بسبب الصواريخ والمُسيرات التي تُطلق من اليمن ,1
فلسطينيون بريطانيون يطالبون بنظام تأشيرة لأقاربهم المحاصرين في غزة أسوة بالأوكرانيين,1
"""نتنياهو على استعداد للاستهانة بأي محاولة أمريكية لكبح جماح إسرائيل"" - الغارديان",1
هل يدفع بايدن فاتورة دعمه المطلق لإسرائيل من رصيده الانتخابي؟,1
بي بي سي تكشف كيف تروج مقاطع فيديو على تيك توك لحملات دعائية روسية؟ ,1
" حرب غزة: بي بي سي تتحدث مع أحد الطلاب المصابين في حادث ""كراهية"" في فيرمونت ",1
هل يمكن للدية أن تنقذ ممرضة هندية من حكم بالإعدام في اليمن؟,1
تمويل حماس: ماذا نعرف عن مصادر أموال الحركة؟,1
هل يمكن لإسرائيل أن تكسب الحرب وتخسر السلام؟ -  الجيروزاليم بوست,1
قاضية تأمر بوقف النظر مؤقتا في قضية تدخل ترامب في الانتخابات,1
 حرب غزة: كيف يعيش مصابون بالتوحد في المخيمات؟,1
 حرب غزة: كيف تبدو حياة النازحين في مخيمات رفح؟ ,1
"طبيب يصف لبي بي سي الوضع الصحي في غزة بأنه ""كارثي"" في ظل نقص الأدوية وتفشي الأمراض",1
"عثمان خواجة ""يتحدى"" قرار مجلس الكريكيت الدولي بشأن رسالة لغزة",1
 مؤتمر المناخ 2023: طفلة ناشطة  تقتحم منصة مسرح وتطالب بوقف الوقود الأحفوري,1
 حرب غزة: ما الذي يعيق إجلاء الجزائريين في غزة؟,1
" حرب غزة: أطفال يدخلون المستشفيات باسم ""مجهول""",1
"مؤسسة ""آرتشي ويل""، المملوكة للأمير هاري وزوجته ميغان تتبرع بـ 1.2 مليون دولار لمؤسسات خيرية ",1
ما هو تأثير توقف المساعدات الأمريكية لكييف على الحرب الأوكرانية؟,1
"هل أصبح حل الدولتين لإنهاء الصراع الإسرائيلي الفلسطيني ""سراباً""؟ - الفايننشال تايمز",1
ماذا نعرف عن قصف جماعة الحوثي اليمنية ناقلة نفط نرويجية تقول إنها متجهة إلى إسرائيل؟  ,1
خمسة أعمال سينمائية حديثة تروي حياة الفلسطينيين,1
ما الجمرة الخبيثة، وإلى أي مدى هي قاتلة؟,1
 حرب غزة: الأونروا تحذر من دفع الفلسطينيين باتجاه الحدود المصرية,1
ميانمار تتفوق على أفغانستان في إنتاج الأفيون,1
" حرب غزة: ما هو القرار رقم 377 ""متحدون من أجل السلام"" في الجمعية العامة للأمم المتحدة؟",1
هل ستقرر المحكمة العليا الأمريكية محاكمة الرئيس السابق ترامب؟,1
مسؤول أوكراني يقول لبي بي سي إن الهجوم المضاد على القوات الروسية لم يلب الطموحات,1
هل يجب أن نخشى وباء جديدا قادما من الصين؟,1
 حرب غزة: كيف بدت الاستجابة لدعوات الإضراب الشامل في الضفة الغربية؟,1
 حرب غزة: لماذا يتجه رعاة بقر أمريكيون إلى إسرائيل؟,1
